Price,Close,High,Low,Open,Volume
Ticker,AAPL,AAPL,AAPL,AAPL,AAPL
Date,,,,,
2020-01-02,72.71607208251953,72.77659819422657,71.46681225027338,71.72101896406637,135480400
2020-01-03,72.00912475585938,72.7717522953066,71.78396939069293,71.94133580542943,146322800
2020-01-06,72.5829086303711,72.62164622763687,70.87607527260708,71.12786596061405,118387200
2020-01-07,72.24153900146484,72.84921605109494,72.02122310005907,72.59258596559819,108872000
2020-01-08,73.40364837646484,73.70627893727402,71.943758846659,71.943758846659,132079200
2020-01-09,74.96279907226562,75.15647966923257,74.13238261481911,74.3841659131879,170108400
2020-01-10,75.13225555419922,75.69878635468899,74.62868165074606,75.19762847110803,140644800
2020-01-13,76.73741912841797,76.76405445807666,75.33079296168272,75.44942915816804,121532000
2020-01-14,75.70121002197266,76.88510420958616,75.57774178905865,76.6744745414686,161954400
2020-01-15,75.37679290771484,76.38394823058523,74.94342390604251,75.5002685322302,121923600
2020-01-16,76.32100677490234,76.43238014496747,75.55837921189631,75.92153589794125,108829200
2020-01-17,77.16594696044922,77.16836298058836,76.26289478458983,76.57036474816839,137816400
2020-01-21,76.64300537109375,77.23615682397768,76.50500406521856,76.79310894375465,110843200
2020-01-22,76.91657257080078,77.47098633963294,76.82214830621916,77.12961824131806,101832400
2020-01-23,77.28700256347656,77.3668937772688,76.42026453610515,76.96984634011159,104472000
2020-01-24,77.06426239013672,78.2796239983564,76.87299781703734,77.53394558679635,146537600
2020-01-27,74.79817199707031,75.48090092368226,73.81280512269632,75.06690438729518,161940000
2020-01-28,76.91417694091797,77.08606906211398,75.58260222996032,75.68186595866302,162234000
2020-01-29,78.5241470336914,79.37393591584485,77.80752001617462,78.55078236199498,216229200
2020-01-30,78.41036224365234,78.46362551493233,77.17078871761717,77.60415772537527,126743200
2020-01-31,74.93375396728516,78.1222655759737,74.63838622980492,77.69858276990855,199588400
2020-02-03,74.72795867919922,75.89731989448796,73.16880546652003,73.67237945985059,173788400
2020-02-04,77.19500732421875,77.3862719133486,75.93122176752728,76.33795548064964,136616400
2020-02-05,77.82447052001953,78.62583557722229,77.21920945636545,78.32562106551018,118826800
2020-02-06,78.73477172851562,78.73719513687406,77.53635935306664,78.09561993929752,105425600
2020-02-07,77.66454315185547,78.48237001870756,77.17190518543269,78.23241099940878,117684000
2020-02-10,78.03343200683594,78.03343200683594,76.16480809009461,76.24488890405078,109348800
2020-02-11,77.56263732910156,78.60373238920275,77.34422769426291,78.53093164624849,94323200
2020-02-12,79.40459442138672,79.40944533661985,78.01404068842541,78.01404068842541,113730400
2020-02-13,78.83914947509766,79.16676770573471,78.47027994928578,78.6741294824432,94747600
2020-02-14,78.85852813720703,79.10848716064821,78.34890085860614,78.80756022516525,80113600
2020-02-18,77.41460418701172,77.5966134445047,76.34923977828454,76.5312490357775,152531200
2020-02-19,78.53577423095703,78.76632223582008,77.65727746459481,77.65727746459481,93984000
2020-02-20,77.73008728027344,78.78574250032466,77.22288901629881,78.29553354521413,100566000
2020-02-21,75.97067260742188,77.76650347779221,75.3518440007245,77.32239667498202,129554000
2020-02-24,72.3620376586914,73.8181119648714,70.19006459555902,72.13877707909086,222195200
2020-02-25,69.91097259521484,73.41768758581995,69.4377529242665,73.03425797216033,230673600
2020-02-26,71.02003479003906,72.28924910730535,69.5275598554886,69.53483993200922,198054800
2020-02-27,66.3775634765625,69.40620033933959,66.24166381662789,68.21707461192374,320605600
2020-02-28,66.33872985839844,67.56426328843753,62.21561589566721,62.43160376696,426510000
2020-03-02,72.51492309570312,73.15317015362184,67.39682304876307,68.50343887480543,341397200
2020-03-03,70.2119140625,73.77444122307429,69.35767895061751,73.69436038432424,319475600
2020-03-04,73.4686508178711,73.62881987433597,71.13650877871662,71.93977581539738,219178400
2020-03-05,71.08554077148438,72.69449642985231,70.71909308665877,71.71650028960082,187572800
2020-03-06,70.14151763916016,70.5759151634938,68.24862422437134,68.43548440571074,226176800
2020-03-09,64.59388732910156,67.48661751740467,63.824591466108316,64.00660075736148,286744800
2020-03-10,69.24603271484375,69.5129811258908,65.37044835521063,67.25606913589775,285290000
2020-03-11,66.84107971191406,68.24619329059158,65.9747138459021,67.31673591637701,255598800
2020-03-12,60.24021530151367,65.52333888472222,60.18440016078189,62.111272274536645,418474000
2020-03-13,67.45748138427734,67.93070839286551,61.38565181622262,64.28324334840872,370732000
2020-03-16,58.779296875,62.873287737827965,58.242974521961955,58.71619794935518,322423600
2020-03-17,61.36382293701172,62.516544687820904,57.854682347294336,60.06548857627604,324056000
2020-03-18,59.86163330078125,60.66975488014331,57.54404792376218,58.18714954728448,300233600
2020-03-19,59.40296173095703,61.35895376017689,58.8763487771661,60.03635403076777,271857200
2020-03-20,55.63174057006836,61.11385881136198,55.330817248448476,59.98539913252844,401693200
2020-03-23,54.44989013671875,55.45215566699075,51.59598621533572,55.35023092369006,336752800
2020-03-24,59.912593841552734,60.10916324280381,56.85969151927787,57.359609676283746,287531200
2020-03-25,59.582550048828125,62.67185273031452,59.286481367958,60.85176020184459,303602000
2020-03-26,62.71796417236328,62.77620476506975,59.786401276197694,59.825230806660564,252087200
2020-03-27,60.12130355834961,62.09428153233142,59.95385443702902,61.33712415208677,204216800
2020-03-30,61.837039947509766,62.0093436795025,60.52414557218957,60.84933827038797,167976400
2020-03-31,61.710845947265625,63.70081315714961,61.15511262455559,62.02875857181586,197002000
2020-04-01,58.46379852294922,60.35912091217952,58.03183020107801,59.82037323829742,176218400
2020-04-02,59.439369201660156,59.49275888105111,57.49065701285396,58.32547341461665,165934000
2020-04-03,58.58514404296875,59.62623542608821,57.99300663222972,58.92246773803886,129880000
2020-04-06,63.69597625732422,63.85128701213313,60.51930809689075,60.888177619792245,201820400
2020-04-07,62.95821762084961,65.93589399470639,62.853867417629125,65.71747694762487,202887200
2020-04-08,64.56961059570312,64.88509036892265,63.395044991841544,63.76148528714011,168895200
2020-04-09,65.0355453491211,65.54032183594127,64.23713674062121,65.20785277807086,161834800
2020-04-13,66.31204986572266,66.42125839971293,64.51136807094039,65.11321477612952,131022800
2020-04-14,69.6610107421875,69.95222853281514,67.47689953040836,67.95012658868427,194994800
2020-04-15,69.02521514892578,69.48630396115935,68.10303752445863,68.53257686850102,131154400
2020-04-16,69.57364654541016,69.94009422345636,68.5204205220071,69.7410956561746,157125200
2020-04-17,68.62963104248047,69.63675500516926,67.1881169210457,69.08829799292641,215250000
2020-04-20,67.2051010131836,68.35782638874939,67.18568994969831,67.45263835997193,130015200
2020-04-21,65.12777709960938,67.2827683027009,64.41430008220807,67.04736932204841,180991600
2020-04-22,67.00367736816406,67.4404966317663,66.05723069304202,66.39940158614417,116862400
2020-04-23,66.74402618408203,68.37482987612435,66.70519664308368,66.94787571984011,124814400
2020-04-24,68.67088317871094,68.68059241326806,67.22208912055947,67.27062788736906,126161200
2020-04-27,68.71941375732422,69.05188279302438,67.93798710304658,68.38693731564892,117087600
2020-04-28,67.60552215576172,69.36494515545422,67.51331034369456,69.18293587962397,112004800
2020-04-29,69.82604217529297,70.29684010085327,68.89415555935265,69.0980050622793,137280800
2020-04-30,71.2990951538086,71.47625350962926,69.97649890054853,70.36720857906009,183064000
2020-05-01,70.15121459960938,72.56101509610286,69.36978798695081,69.46685809785768,240616800
2020-05-04,71.14379119873047,71.27241079901312,69.4838673851674,70.17550415897956,133568000
2020-05-05,72.2115707397461,73.04638718577591,71.45926427424553,71.60487317175793,147751200
2020-05-06,72.95658874511719,73.58997737842726,72.52947133643356,72.9153300566067,142333600
2020-05-07,73.7113265991211,74.05836324243135,73.28178737986006,73.58513616899319,115215200
2020-05-08,75.46577453613281,75.51930873875061,74.04469357012428,74.37319856682336,133838400
2020-05-11,76.65324401855469,77.1496439064148,74.76251932824728,74.97179206318708,145946400
2020-05-12,75.77725982666016,77.79208148134276,75.65559183440632,77.33947268862552,162301200
2020-05-13,74.8623046875,76.88199755928032,73.78189245874619,75.95731647939719,200622400
2020-05-14,75.32219696044922,75.38303093576837,73.37307401489639,74.09821767406875,158929200
2020-05-15,74.87691497802734,74.92314940994656,73.0518950634004,73.08596566629879,166348400
2020-05-18,76.64107513427734,77.01581451007397,75.51200038814163,76.20550920779705,135178400
2020-05-19,76.19819641113281,77.50733712835873,76.16656156048597,76.65809733493788,101729600
2020-05-20,77.68014526367188,77.75070734904016,77.02069943070256,77.05963407747018,111504800
2020-05-21,77.10099792480469,78.08407725078851,76.86252601832638,77.54143540411926,102688800
2020-05-22,77.59740447998047,77.68013781166567,76.73599313969208,76.83819007988166,81803200
2020-05-26,77.07181549072266,78.89926383747755,77.01584553623708,78.7191975702139,125522000
2020-05-27,77.4075927734375,77.55359582351838,76.1860490206754,76.92822809774341,112945200
2020-05-28,77.4416732788086,78.70458757066594,76.80413421876992,77.08153336599706,133560800
2020-05-29,77.36622619628906,78.14733245248436,77.00852208206489,77.6849956705814,153532400
2020-06-01,78.31768035888672,78.43934833911615,77.18859793786604,77.32000143580059,80791200
2020-06-02,78.68023681640625,78.70457189402366,77.60712449987925,78.04999766403765,87642800
2020-06-03,79.11338806152344,79.37619506332315,78.4271788552984,79.00145559647322,104491200
2020-06-04,78.43205261230469,79.23505835292487,78.05731313453714,78.93575985874213,87560400
2020-06-05,80.6658706665039,80.72670465644849,78.65348495250613,78.68268407951567,137250400
2020-06-08,81.14280700683594,81.17687760567065,79.64872807646304,80.36170065582685,95654400
2020-06-09,83.70513153076172,84.09933458379527,80.7899715861673,80.82160644800746,147712400
2020-06-10,85.85865020751953,86.32828677869298,84.2161326502249,84.65657009743241,166651600
2020-06-11,81.73654174804688,85.42551553412683,81.63434481058569,84.99967763398335,201662400
2020-06-12,82.44219207763672,84.6322149685234,81.32771702950167,83.88274373553614,200146000
2020-06-15,83.4617919921875,84.1163662672843,80.92866395631923,81.09170230417108,138808800
2020-06-16,85.67372131347656,85.94626382585014,83.88277221688082,85.52285420682057,165428800
2020-06-17,85.55449676513672,86.48160625971012,85.43282877449953,86.42077226439153,114406400
2020-06-18,85.58854675292969,86.00708483695735,84.97777121070888,85.51067747543081,96820400
2020-06-19,85.09945678710938,86.76387395155108,83.98740960809002,86.29667304189616,264476000
2020-06-22,87.32597351074219,87.46954083393744,85.4474196297417,85.4936540555532,135445200
2020-06-23,89.18990325927734,90.61341969770375,88.15328999393735,88.57426375603589,212155600
2020-06-24,87.61553955078125,89.73986501886358,87.24080011710065,88.81761971025675,192623200
2020-06-25,88.77870178222656,88.81763643178542,87.00965180666661,87.77129464423196,137522400
2020-06-26,86.05088806152344,88.89548574168278,85.90244927933195,88.67404914924855,205256800
2020-06-29,88.03406524658203,88.12896981599859,85.4790381908906,85.95841023076125,130646000
2020-06-30,88.76895141601562,89.0560934802323,87.60094182870904,87.62040543722048,140223200
2020-07-01,88.60104370117188,89.39188548967921,88.55238096980085,88.84681537177396,110737200
2020-07-02,88.60104370117188,90.14866410882917,88.48668294073944,89.51112514748854,114041600
2020-07-06,90.97113037109375,91.4407668896368,90.0026507872914,90.03428564338377,118655600
2020-07-07,90.68887329101562,92.13185365235528,90.57694083639849,91.35074735374833,112424400
2020-07-08,92.80103302001953,92.83266788269125,91.58191749535032,91.66952230167387,117092000
2020-07-09,93.20010375976562,93.75003795219516,92.14889068283713,93.6965037466287,125642800
2020-07-10,93.36315155029297,93.42155723802126,92.18054219465331,92.79374622061182,90257200
2020-07-13,92.93244171142578,97.29058984952216,92.7183048684692,94.67229242141129,191649200
2020-07-14,94.4703140258789,94.6625440704525,91.37508059280022,92.31191801469724,170989200
2020-07-15,95.12001037597656,96.60192524907634,93.91793032782914,96.35128954658538,153198000
2020-07-16,93.94957733154297,94.8085529497705,93.3485372297674,93.98851197519926,110577600
2020-07-17,93.759765625,94.55790717010848,93.2852575959958,94.4021760380504,92186800
2020-07-20,95.73565673828125,95.8743600058145,93.50183459957924,93.84737490055309,90318000
2020-07-21,94.41435241699219,96.60437605553066,94.16371667540041,96.52894250206293,103433200
2020-07-22,94.67959594726562,95.36336945972936,94.0274573004929,94.11505468915274,89001600
2020-07-23,90.3701171875,94.4897935351177,89.5573759076989,94.4119242394898,197004400
2020-07-24,90.14622497558594,90.49176525760697,86.76872113795501,88.56211314862233,185438800
2020-07-27,92.28272247314453,92.37519132147816,90.98818087454525,91.212045787962,121214000
2020-07-28,90.7667465209961,92.02966071554671,90.7618750492638,91.85202279586937,103625600
2020-07-29,92.50660705566406,92.69154477680748,91.21449359583792,91.25099250763601,90329200
2020-07-30,93.62593841552734,93.73057108721883,91.26801256876887,91.67681516469625,158130000
2020-07-31,103.42752075195312,103.57838786224833,98.13739181757805,100.142485220989,374336800
2020-08-03,106.03363037109375,108.66165541676666,105.01648797674454,105.31578641481019,308151200
2020-08-04,106.74175262451172,107.83676443958547,105.49830201297321,106.22344584387962,173071600
2020-08-05,107.128662109375,107.44986737596928,105.99471558411307,106.46192391970698,121776800
2020-08-06,110.86627960205078,111.36268697898166,106.87070778644717,107.4620123146309,202428800
2020-08-07,108.34564971923828,110.84433996363158,107.54606913860891,110.3860424163052,198045600
2020-08-10,109.9204330444336,110.94184946694823,107.26085060599635,109.7961055869829,212403600
2020-08-11,106.65142059326172,109.68153802602951,106.390579904866,109.18180291672903,187902400
2020-08-12,110.1959228515625,110.45432345102633,107.55096573953472,107.74598253329141,165598000
2020-08-13,112.14610290527344,113.15289349736156,111.09055440270924,111.58054387716682,210082000
2020-08-14,112.04615783691406,112.13635327859295,110.23003348739779,111.97058828094455,165565200
2020-08-17,111.75363159179688,113.19678105887246,111.1246961523291,113.17240210150105,119561600
2020-08-18,112.68486022949219,113.11146597400622,111.1685812285572,111.50499152025161,105633600
2020-08-19,112.82624816894531,114.2450187969475,112.73117989850726,113.09440184356299,145538000
2020-08-20,115.32979583740234,115.44437022786464,112.85060421374463,112.86767022580362,126907200
2020-08-21,121.2730484008789,121.75815770513448,116.2805395387213,116.29272529875644,338054800
2020-08-24,122.72350311279297,125.5781103847472,120.85131508513315,125.49278030711304,345937600
2020-08-25,121.71669006347656,122.06285336909471,119.98832854152907,121.59237004026225,211495600
2020-08-26,123.37193298339844,123.83023059467142,121.96778837684518,123.03796284565955,163022400
2020-08-27,121.89708709716797,124.3104548230282,120.74890305425278,123.97648471809909,155552400
2020-08-28,121.69962310791016,123.29390398755773,121.47534715304863,122.87461128539995,187630000
2020-08-31,125.82673645019531,127.73793655138815,122.86244278988478,124.40310060397898,225702700
2020-09-01,130.83872985839844,131.44330113966103,127.279625733532,129.45409155934158,151948100
2020-09-02,128.12799072265625,134.54414333091748,123.83756147352996,134.16385535146685,200119000
2020-09-03,117.86994171142578,125.63172736189051,117.49940684107021,123.74979379664647,257599600
2020-09-04,117.94795227050781,120.61972095191703,108.12870745933931,117.08011491662583,332607200
2020-09-08,110.01065063476562,116.02700868136228,109.87413739256252,111.11250964380896,231366600
2020-09-09,114.3985824584961,116.17326184567966,112.38988145965452,114.34007891543482,176940500
2020-09-10,110.6639404296875,117.49938384688613,109.69859487779826,117.36287063508007,182274400
2020-09-11,109.2110595703125,112.36063179376235,107.2608620779855,111.71706305037618,180860300
2020-09-14,112.48738861083984,113.04319458206483,109.99113827543115,111.86332602698766,140150100
2020-09-15,112.66291046142578,115.87098624147585,110.78096957645455,115.38343686650313,184642000
2020-09-16,109.33782196044922,113.11145686330157,109.25006664242188,112.36063408677491,154679000
2020-09-17,107.5923843383789,109.40606847088276,106.00297617469543,106.98782792048597,178011000
2020-09-18,104.1795425415039,108.1189422202142,103.44821850945301,107.65089900577279,287104900
2020-09-21,107.3388671875,107.44612864015869,100.53267495607115,101.93681947130294,195713800
2020-09-22,109.02579498291016,110.0496517037046,106.44178910174857,109.87413362126594,183055400
2020-09-23,104.45258331298828,109.31832411053182,104.11129279067556,108.84052779447258,150718700
2020-09-24,105.52518463134766,107.50463384194083,102.38536556375317,102.5511305606354,167743300
2020-09-25,109.48407745361328,109.64009681169752,104.98887199073256,105.72994906280776,149981400
2020-09-28,112.09735107421875,112.44838721832883,109.97163550795793,112.1461089873391,137672400
2020-09-29,111.24900817871094,112.43862979442277,110.74196012319106,111.69756013169471,99382200
2020-09-30,112.92618560791016,114.34008328098176,110.79072437109879,110.95648937570999,142675200
2020-10-01,113.88179779052734,114.78864003617267,112.94570376912151,114.71063034120202,116120400
2020-10-02,110.2056655883789,112.49715377159485,109.42559099443217,110.07890541970863,144712000
2020-10-05,113.59901428222656,113.7452805953654,110.72247569462236,111.07351187039006,106243800
2020-10-06,110.34217071533203,113.22846192888977,109.45482734146758,112.81891482742249,161498200
2020-10-07,112.21436309814453,112.67266068936267,111.2880148454192,111.76581857721544,96849000
2020-10-08,112.10710906982422,113.5015006370164,111.73656676842208,113.35523433064257,83477200
2020-10-09,114.05730438232422,114.0865561551348,112.05834892691767,112.40938507947115,100506900
2020-10-12,121.30227661132812,122.06285238723022,116.3097687190557,117.0703444949578,240226800
2020-10-13,118.08446502685547,122.26763983658118,116.67057472065251,122.15062530057422,262330500
2020-10-14,118.1722183227539,119.96639642799329,116.6413136031742,117.98694718210373,150712000
2020-10-15,117.70417022705078,118.18196653560398,115.20791978630072,115.76372578098064,112559200
2020-10-16,116.0562515258789,118.52325764594907,115.85148167833091,118.25997681380653,115393800
2020-10-19,113.09195709228516,117.42139051387834,112.7799257876711,116.97284597845898,120639300
2020-10-20,114.58385467529297,116.01725100908146,112.75066428839048,113.3064702709398,124423700
2020-10-21,113.95979309082031,115.75397121203213,113.55024596366279,113.76476887802791,89946000
2020-10-22,112.86767578125,115.1006527218332,111.73655770574223,114.52534061393521,101988000
2020-10-23,112.17533874511719,113.64773964732059,111.43426175971915,113.49172030748456,82572600
2020-10-26,112.18511962890625,113.64776782516624,110.0691495843626,111.17101598676972,111850700
2020-10-27,113.69651794433594,114.35958542213467,111.68781680839272,112.61415768734956,92276800
2020-10-28,108.43098449707031,112.55565572913613,108.33347610413212,112.1851208602056,143937800
2020-10-29,112.44837951660156,114.01828898706523,109.40606895582341,109.57184138543087,146129200
2020-10-30,106.14926147460938,109.20131819888869,105.0376493800456,108.2944759702273,190272600
2020-11-02,106.06147003173828,107.92391190377485,104.64758005639182,106.39300741980334,122866900
2020-11-03,107.68991088867188,108.71376013684448,106.0224928792937,106.9293350359113,107624400
2020-11-04,112.08760070800781,112.71166332605715,109.55234539225575,111.29777308441078,138235500
2020-11-05,116.06600952148438,116.64132168469465,113.95979997203881,115.01290102705485,126387100
2020-11-06,115.93413543701172,116.43228836490333,113.43357109225822,115.5727237961662,114457900
2020-11-09,113.61918640136719,119.15753389571879,113.35545876212382,117.70213202617423,154515300
2020-11-10,113.27728271484375,114.85966301108157,111.48000197495716,112.86703652339298,138023400
2020-11-11,116.71556091308594,116.85230965844065,113.73638330100388,114.46896905922455,112295000
2020-11-12,116.44206237792969,117.7314130027431,115.81692313270185,116.84254616591035,103162300
2020-11-13,116.49092864990234,116.89140506897175,115.13320337049156,116.66674956497528,81581900
2020-11-16,117.50677490234375,118.18074882588525,115.40669394696378,116.15881215076331,91183000
2020-11-17,116.61788177490234,117.86816024947451,116.19786565120255,116.77417031034764,74271000
2020-11-18,115.28945922851562,117.03789809748132,115.26015699113172,115.85599399209619,76322100
2020-11-19,115.88529968261719,116.29554592271136,114.09778862645973,114.85967663013399,74113000
2020-11-20,114.61548614501953,116.0122833606363,114.566651563308,115.88530450548863,73604300
2020-11-23,111.20653533935547,114.88900454422108,111.10885871225602,114.45921844228478,127959300
2020-11-24,112.49588012695312,113.16009158856252,109.97578304153085,111.26514127781546,113874200
2020-11-25,113.33590698242188,114.0391905490455,112.49587466142678,112.86705623950492,76499200
2020-11-27,113.88287353515625,114.7619777737058,113.52146939704157,113.86334119752019,46691300
2020-11-30,116.2857894897461,118.1612073576281,114.09779452496895,114.25408307341652,169410200
2020-12-01,119.87056732177734,120.60315308283555,117.22349166609008,118.20027268083436,127728200
2020-12-02,120.22220611572266,120.5054734972761,118.08305336151587,119.1868131981227,89004200
2020-12-03,120.08544921875,120.90594161808744,119.3723958650188,120.65197649113902,78967600
2020-12-04,119.41148376464844,120.0073208033349,118.69843031675794,119.75335564285018,78260400
2020-12-07,120.87666320800781,121.67762342572043,119.41149153275923,119.47009601504965,86712000
2020-12-08,121.49203491210938,122.07810955502222,120.23198635344457,121.4822724663765,82225500
2020-12-09,118.95237731933594,123.02555190124971,118.19048940643084,121.63852480584573,115089200
2020-12-10,120.37850189208984,120.99387876073847,117.3602518397124,117.70212373771251,81312200
2020-12-11,119.56775665283203,119.90962848626559,117.75094353544566,119.58728899235093,86939800
2020-12-14,118.95237731933594,120.48592304081711,118.71795198896058,119.75333736267807,79184500
2020-12-15,124.91075134277344,124.9302911359923,121.24782260023406,121.45294571554655,157243700
2020-12-16,124.84237670898438,125.389371682003,123.62140046403383,124.45167027239827,98208600
2020-12-17,125.71171569824219,126.57128777488863,125.06703664075737,125.90706892352664,94359800
2020-12-18,123.71907806396484,126.10242595435268,123.19161545942423,125.96567721823999,192541500
2020-12-21,125.25263214111328,125.33077641507083,120.58361982974765,122.11716580798591,121251600
2020-12-22,128.81787109375,131.2891256020313,126.63963893467688,128.5541360749688,168904800
2020-12-23,127.91924285888672,129.35509717792385,127.7434145333038,129.09137704629174,88223700
2020-12-24,128.90577697753906,130.3611858888105,128.0559823612598,128.27087535230643,54930100
2020-12-28,133.51622009277344,134.1511218894807,130.41004823158806,130.87891392295424,124486200
2020-12-29,131.7384490966797,135.56742883965345,131.22075635748268,134.84462043635702,121047300
2020-12-30,130.6151580810547,132.83245515094322,130.3025810031429,132.43197135905453,96452100
2020-12-31,129.6090850830078,131.6114892963398,128.66160623432629,130.9668102005262,99116600
2021-01-04,126.4052734375,130.5077519759089,123.81680146462891,130.419845234718,143301900
2021-01-05,127.96806335449219,128.6811241595061,125.44796678465465,125.8972925672046,97664900
2021-01-06,123.66049194335938,128.0071725267185,123.445598898271,124.75448951278715,155088000
2021-01-07,127.88020324707031,128.57372451308004,124.89125491830896,125.37964555776668,109578200
2021-01-08,128.98391723632812,129.55045193110092,127.20616889364516,129.35508383294297,105158200
2021-01-11,125.98524475097656,127.14761685363601,125.51639391195827,126.190375376828,100384500
2021-01-12,125.80941009521484,126.678744687946,123.91445235489151,125.51637278097465,91951100
2021-01-13,127.85086822509766,128.39786321634224,125.5065997184792,125.77031986493918,88636800
2021-01-14,125.91683197021484,127.95830051587039,125.77030588952316,127.7629473127755,90221800
2021-01-15,124.18791961669922,127.19640649455467,124.05117089063731,125.78983965249307,111598500
2021-01-19,124.86192321777344,125.72149530988855,123.9925886807919,124.81308118444944,90757300
2021-01-20,128.96438598632812,129.41371177555757,125.56519249707169,125.67263899637693,104319500
2021-01-21,133.6920166015625,136.42700650318062,130.48817597250854,130.69330654954064,120150900
2021-01-22,135.8409423828125,136.60283037919487,131.88497630652225,133.1157150150256,114459400
2021-01-25,139.60157775878906,141.72119133281353,133.3697084671553,139.74810389244936,157611700
2021-01-26,139.83599853515625,140.9495284939652,138.08755186106706,140.2657846428541,98390600
2021-01-27,138.7615203857422,140.94951541070097,137.14983753597352,140.09970572045313,140843800
2021-01-28,133.9069061279297,138.6931420569465,133.52596212723918,136.28049175107478,142621100
2021-01-29,128.89601135253906,133.56502276186197,127.18664481426623,132.67614858488167,177523800
2021-02-01,131.025390625,132.2366043185905,127.88991734702876,130.64444666641413,106239800
2021-02-02,131.8556671142578,133.14501023071227,131.4844855801371,132.57847548555233,83305400
2021-02-03,130.83006286621094,132.61757406703313,130.5077233148007,132.60779671715912,89880900
2021-02-04,134.19996643066406,134.2097288768962,131.4649761313631,133.13527851593736,84183100
2021-02-05,133.7841796875,134.42982206884446,132.9037691142245,134.36135298845358,75693800
2021-02-08,133.93093872070312,133.979853741386,131.98423434096625,133.07008212234413,71297200
2021-02-09,133.05052185058594,134.87984224201634,132.89401467161727,133.64724931778963,76774200
2021-02-10,132.44398498535156,134.00917580672544,131.4755214853653,133.510263582445,73046600
2021-02-11,132.18966674804688,133.42224462079582,130.85925883741726,132.94290131800943,64280000
2021-02-12,132.42442321777344,132.58094529380088,130.78098619978562,131.42662856832374,60145100
2021-02-16,130.29185485839844,133.05048531230534,129.90054970151292,132.5418109985024,80576300
2021-02-17,127.99302673339844,129.34300385661615,126.65284157162291,128.39410905649507,97918500
2021-02-18,126.88761901855469,127.17130227893666,124.63766222365031,126.38870666417387,96856700
2021-02-19,127.04409790039062,127.86583132256979,125.99738825363634,127.4060570610675,87668800
2021-02-22,123.25833129882812,126.89738798845885,122.86703351631368,125.22458978162501,103916400
2021-02-23,123.12136840820312,123.95287146533934,115.81390958217581,121.0670645425184,158273000
2021-02-24,122.62245178222656,122.82788140267746,119.57034603451814,122.22137703659854,111039900
2021-02-25,118.35733795166016,123.70831567300634,117.91713263038818,121.96704845427313,148199500
2021-02-26,118.62144470214844,122.13332450236139,118.56274519725483,119.92249889039729,164560400
2021-03-01,125.0093765258789,125.14632962305842,120.1181731597989,121.05728331048017,116307900
2021-03-02,122.39746856689453,125.91913329199494,122.28986150205843,125.61588108930245,102260900
2021-03-03,119.40406036376953,122.97464049846667,119.18884621038296,122.09422235433273,112966300
2021-03-04,117.51603698730469,120.91053295934665,116.03889910024034,119.10078939752296,178155000
2021-03-05,118.77796173095703,119.28665097906885,115.01173723483151,118.34754097876571,153766600
2021-03-08,113.82807159423828,118.36710717306019,113.68133401828926,118.29863063273507,154376600
2021-03-09,118.45516204833984,119.4040567156157,116.20521293027855,116.43998860707968,129525800
2021-03-10,117.36933135986328,119.51167358003067,116.85085748034945,119.04212218796035,111943300
2021-03-11,119.30622863769531,120.52902944875325,118.62146316885641,119.87361000523832,103026500
2021-03-12,118.39645385742188,118.5334069388377,116.56714878563196,117.78016499105065,88105100
2021-03-15,121.29206085205078,121.30184534868131,117.79974189337008,118.76820554841954,92403800
2021-03-16,122.83767700195312,124.45177555241284,122.0061739497114,122.96484559847543,115227900
2021-03-17,122.0453109741211,123.12137424397079,119.67796282439072,121.35076097755098,111932600
2021-03-18,117.90736389160156,120.4997035364168,117.70193421666097,120.20622830742447,121229700
2021-03-19,117.37909698486328,118.787765950923,117.07584476265258,117.2910589061766,185549500
2021-03-22,120.70513153076172,121.1746903979347,117.64324051825204,117.71171707561217,111912300
2021-03-23,119.87361145019531,121.53661758792646,119.4823136932633,120.64642246770546,95467100
2021-03-24,117.47692108154297,120.22578250026773,117.45735955159839,120.14752145372104,88530500
2021-03-25,117.96601867675781,119.01274317983665,116.41061985937974,116.93887062661646,98844700
2021-03-26,118.57256317138672,118.83669235952908,116.33239090614592,117.73127550973699,94071200
2021-03-29,118.74864196777344,119.91275082818898,118.10300696502964,119.00298664807106,80819200
2021-03-30,117.29106140136719,117.78018175127832,116.27369017794591,117.49649105272375,85671900
2021-03-31,119.49208068847656,120.83226542069784,118.51384017111431,119.00296042979544,118323800
2021-04-01,120.3236083984375,121.47793274502293,119.82470354215977,120.96925085519509,75089100
2021-04-05,123.16050720214844,123.41485187715786,120.39208419443258,121.17467974982267,88651200
2021-04-06,123.46373748779297,124.36371699214183,122.91592517442983,123.7474281396083,80171300
2021-04-07,125.11698913574219,125.1365506661835,122.41704266839598,123.09203115107863,83466700
2021-04-08,127.52344512939453,127.55279115323391,125.72348600899966,126.14412230187551,88844600
2021-04-09,130.10597229003906,130.14509533798932,126.65278489633177,126.97560601728563,106686700
2021-04-12,128.38430786132812,129.9592758997672,127.78758046970171,129.6364546951069,91420000
2021-04-13,131.50489807128906,131.72990419313948,129.059296173719,129.5582085139557,91266500
2021-04-14,129.15711975097656,132.06249585390395,128.79517546483183,132.0038037995852,87222800
2021-04-15,131.57334899902344,132.06246925552537,130.73206156076947,130.90815261502829,89347100
2021-04-16,131.2407684326172,131.73966578761528,130.37991188899602,131.37772152575985,84922400
2021-04-19,131.9059600830078,132.52225644299975,130.4385991700877,130.60489828233995,94264200
2021-04-20,130.21360778808594,132.5809482656911,128.9418920136985,132.08205092978312,94812300
2021-04-21,130.5951690673828,130.83972930908203,128.4430419257842,129.47997496230528,68847100
2021-04-22,129.06910705566406,131.2310110910551,128.5506405715148,130.1451630922805,84566500
2021-04-23,131.39730834960938,132.17988902990155,129.28430468857326,129.28430468857326,78657500
2021-04-26,131.78860473632812,132.12120303338915,130.65384180036304,131.89621182382086,66905100
2021-04-27,131.4657745361328,132.46358428625007,131.1918683187311,132.07227902798383,66015800
2021-04-28,130.6734161376953,132.08208536726428,130.18429570669335,131.3875277874623,107760100
2021-04-29,130.5755615234375,134.08745690189525,129.567974819212,133.50050652437227,151101000
2021-04-30,128.5995330810547,130.65382966034915,128.21801979298792,128.91256235309382,109839500
2021-05-03,129.65602111816406,131.15274318306484,128.96147855172077,129.16690074814014,75135100
2021-05-04,125.06807708740234,128.62888024649274,123.94309874398557,128.33540503920676,137564700
2021-05-05,125.31262969970703,127.61148620627858,125.18545364222994,126.38868542828287,84000900
2021-05-06,126.91694641113281,126.9267234439276,124.36373027215305,125.10719525066649,78128300
2021-05-07,127.59309387207031,128.62197939641553,126.87775437814886,128.2202307892884,78973300
2021-05-10,124.30060577392578,126.936537888107,124.2614087846363,126.80916075602343,88071200
2021-05-11,123.3794937133789,123.73225163919108,120.30259382458506,121.01792574395533,126142800
2021-05-12,120.30260467529297,122.13502470718254,119.79305875777395,120.91994792228226,112172300
2021-05-13,122.45838928222656,123.61467427312743,121.76265955967637,122.07622799062943,105861300
2021-05-14,124.88854217529297,125.31970156938155,123.32070002778138,123.71266243367454,81918000
2021-05-17,123.73226928710938,124.37900844147428,122.65437817256301,124.27121858241347,74244600
2021-05-18,122.3407974243164,124.4377876927737,122.2722045641729,124.01642941587465,63342900
2021-05-19,122.18402862548828,122.40940198347324,120.39080549827442,120.68477919902028,92612000
2021-05-20,124.75135803222656,125.15312155926449,122.585774870456,122.71316695271737,76857100
2021-05-21,122.90913391113281,125.42748227973826,122.69355422979483,125.25109958373996,79295400
2021-05-24,124.54558563232422,125.368707483583,123.40890280809067,123.47749567269044,63092900
2021-05-25,124.34960174560547,125.74106867528869,123.78125662475325,125.25111005560896,72009500
2021-05-26,124.30060577392578,124.82975391524182,123.87924748414049,124.40839562545654,56575900
2021-05-27,122.76216888427734,125.07473909754313,122.56619139883931,123.89885923279118,94625600
2021-05-28,122.10562133789062,123.27170742078762,122.04682959457176,123.04632661129708,71311100
2021-06-01,121.78224182128906,122.83073685559619,121.44907866835985,122.5661665562736,67637100
2021-06-02,122.54656982421875,122.72295252370081,121.55687396007116,121.78224728515005,59278900
2021-06-03,121.05712127685547,122.34079079399837,120.65535777774502,122.17420921068651,76229200
2021-06-04,123.35990905761719,123.6244868847475,121.36090732088668,121.57648703897455,75169300
2021-06-07,123.36971282958984,123.78127004058071,122.32121756764913,123.63428318635198,71057600
2021-06-08,124.19281005859375,125.8782506142176,123.67346305813653,124.05562434058848,74403800
2021-06-09,124.5749740600586,125.1825161645287,123.97723307167732,124.6533680366472,56877900
2021-06-10,123.57548522949219,125.61368389975463,123.40890362522711,124.46719247519351,71186400
2021-06-11,124.7905502319336,124.87874532211927,123.56567241757213,123.98703068475491,53522400
2021-06-14,127.85765075683594,127.91644250380197,124.51618772718142,125.2511144685025,96906500
2021-06-15,127.03453063964844,127.97524340485357,126.78955507030692,127.32850431328268,62746300
2021-06-16,127.53425598144531,128.25938893894605,125.87823394486584,127.74983564578012,91815000
2021-06-17,129.1412811279297,129.88601623531721,127.04429139524058,127.19128567007046,96721700
2021-06-18,127.83805084228516,128.86693621675641,127.62247115663257,128.0830263985157,108953300
2021-06-21,129.6410675048828,129.74885734783985,126.61317321470958,127.68126305266121,79663300
2021-06-22,131.28729248046875,131.38528868125076,128.97472269195052,129.47448238296937,74783600
2021-06-23,131.01292419433594,131.62047373989773,130.5523689534629,131.0815245269483,60214200
2021-06-24,130.72874450683594,131.93401991944447,130.25838072698704,131.74783612560256,68711000
2021-06-25,130.43479919433594,131.19912181234292,130.14082550615106,130.7777709892388,70783700
2021-06-28,132.0712432861328,132.53179860685148,130.66999004165285,130.72878179287244,62111300
2021-06-29,133.59010314941406,133.74689113033088,131.6499004799743,132.09085359319357,64556100
2021-06-30,134.20741271972656,134.64836572202546,133.1393079515186,133.4332816037582,63261400
2021-07-01,134.5111846923828,134.56997643445254,133.0315227403941,133.85465198573496,52485800
2021-07-02,137.14715576171875,137.18634528143556,134.98156473226965,135.12854412136403,78852600
2021-07-06,139.16571044921875,140.27298973450715,137.25490420705506,137.25490420705506,108181800
2021-07-07,141.6644744873047,141.9780354300495,139.79285761414,140.6551614207794,104911600
2021-07-08,140.36119079589844,141.1647027920802,137.84283506741627,138.73454962161878,105575500
2021-07-09,142.193603515625,142.72274410487802,139.78303761495576,139.88103381213466,99890800
2021-07-12,141.59585571289062,143.37928474040953,141.10590465506056,143.27149490960213,76299700
2021-07-13,142.7129669189453,144.4963962387887,140.74336872639185,141.13532365605394,100827100
2021-07-14,146.1523895263672,146.56396155860705,144.71193226988518,145.12350430212504,127050800
2021-07-15,145.49588012695312,146.98533571546386,144.13381661407468,146.24061539726927,106820300
2021-07-16,143.44789123535156,146.7501570666892,142.94814646554318,145.47629609045745,93251400
2021-07-19,139.58705139160156,141.17450296373835,138.82272894847327,140.86092711418854,121434600
2021-07-20,143.21273803710938,144.14365733248744,140.0868617606487,140.57681298890034,96350000
2021-07-21,142.477783203125,143.19312262136464,141.72326922538142,142.60517528212256,74993500
2021-07-22,143.8496551513672,145.22151233826582,142.87954652855333,143.00693860738033,77338200
2021-07-23,145.5742950439453,145.73108301310796,143.9672557403373,144.58459902383794,71447400
2021-07-26,145.9956817626953,146.818796290563,144.73159913935308,145.29015075248705,72434100
2021-07-27,143.8202362060547,146.21119973573445,142.6247544412148,146.12299718263154,104818600
2021-07-28,142.06622314453125,144.0162339928002,139.67525927689903,141.89964155731053,118931200
2021-07-29,142.7129669189453,143.604681578867,141.6742728984309,141.7820627469063,56699500
2021-07-30,142.92852783203125,143.38908303752456,141.2136990739111,141.478276840329,70440600
2021-08-02,142.5953826904297,143.99663576121543,142.3308048906137,143.41849700972153,62880000
2021-08-03,144.39840698242188,145.06473338535233,142.26221214218597,142.87955539064197,64786600
2021-08-04,143.99664306640625,144.81975742745607,143.34011030565534,144.31021898611445,56368300
2021-08-05,144.1044158935547,144.8687384173836,143.232303529077,144.02602192289004,46397700
2021-08-06,143.41746520996094,144.36939566640558,142.91697171230874,143.62355957636092,54126800
2021-08-09,143.368408203125,143.96704478811583,142.8090348226229,143.47635955368153,48908700
2021-08-10,142.8875274658203,144.95821948179562,142.59311336897338,143.7118749573733,69023100
2021-08-11,143.1426544189453,143.9866333689831,142.81880046403913,143.32911714824164,48493500
2021-08-12,146.11624145507812,146.27326431640063,143.12305867466128,143.46654431198874,72282600
2021-08-13,146.3223419189453,146.6560042822418,145.5078026382922,146.19475896699817,59375000
2021-08-16,148.30470275878906,148.37340588044512,143.74133599773583,145.77276511297995,103296000
2021-08-17,147.39202880859375,148.85426118078644,146.31251533457103,147.4312770374107,92229700
2021-08-18,143.63339233398438,147.91216847248862,143.42729793250948,147.00930937577087,86326000
2021-08-19,143.96702575683594,145.24281019262168,141.808014005634,142.328139087416,86960300
2021-08-20,145.4292755126953,145.73349792725946,144.04553971626808,144.69324774538592,60549600
2021-08-23,146.9209747314453,147.3920283484006,145.1348733480979,145.54704713474933,60131800
2021-08-24,146.8326416015625,148.04954634761012,146.37139629315473,146.66581042238676,48606400
2021-08-25,145.59609985351562,147.519592250737,145.04653487560168,147.0190838087262,58991300
2021-08-26,144.79139709472656,146.34196428288527,144.76195717766552,145.58631977895118,48597200
2021-08-27,145.8316650390625,145.97886462702738,144.0946350284485,144.73251987566385,55802400
2021-08-30,150.2674102783203,150.6305274592708,145.84143577124814,146.2241695758551,90956700
2021-08-31,149.00149536132812,149.95342601168736,148.47154686807323,149.816034730941,86453100
2021-09-01,149.66879272460938,152.09277878484346,149.50196155532296,149.98283843704763,80313700
2021-09-02,150.78753662109375,151.83761000211953,149.56082377850586,151.00343927935097,71115500
2021-09-03,151.42547607421875,151.74933014670412,150.23801114177232,150.89552760123323,57808700
2021-09-07,153.7709503173828,154.33032373118607,151.51379510970494,152.08299181247767,82278300
2021-09-08,152.22036743164062,154.11440516674327,151.11141405800635,154.05552533708556,74420200
2021-09-09,151.1997528076172,153.20174194196827,151.0819781706379,152.59329705325342,57305700
2021-09-10,146.1947479248047,152.58346376101343,145.92977372713005,152.11241016755477,140893200
2021-09-13,146.76394653320312,148.5991043920851,145.97884721713058,147.82382836372247,102404300
2021-09-14,145.360595703125,148.25565069827465,144.17314576723558,147.54906273042073,109296300
2021-09-15,146.2536163330078,146.6559817546306,143.6431677103874,145.7923710886154,83281300
2021-09-16,146.01809692382812,146.19475138463315,144.4773531646783,145.67462626455162,68034100
2021-09-17,143.33897399902344,146.04756618473306,143.04455985172558,146.04756618473306,129868800
2021-09-20,140.27711486816406,142.14171300384132,138.63822777586256,141.12109417657655,123478900
2021-09-21,140.75796508789062,141.9061817623882,140.1200802460814,141.24865034298253,75834000
2021-09-22,143.13287353515625,143.7020551685205,141.02291826849162,141.7589460412651,76404300
2021-09-23,144.09461975097656,144.33996235458966,142.92678656185444,143.9179652896226,64838200
2021-09-24,144.1829376220703,144.7226943379148,142.8482732767658,142.94641630674622,53477900
2021-09-27,142.66183471679688,143.24085473271322,141.14072231560772,142.75997776343394,74150700
2021-09-28,139.26626586914062,142.05335398733837,139.0503632005245,140.58129850560428,108972300
2021-09-29,140.16912841796875,141.75894358779652,139.3840291456937,139.81583449417113,74602000
2021-09-30,138.86390686035156,141.6902583077313,138.64800418175875,140.98367044588636,89056700
2021-10-01,139.99246215820312,140.2574363223273,136.5184180127203,139.25643446026405,94639600
2021-10-04,136.54786682128906,139.56068091563057,135.69407942788672,139.11905228846942,98322000
2021-10-05,138.481201171875,139.59015470334057,136.76380268131754,136.89138564675028,80861100
2021-10-06,139.3546142578125,139.50181384644353,135.79223446768353,136.87174803273044,83221100
2021-10-07,140.62057495117188,141.53325731976742,140.06120154260262,140.3948639248738,61732700
2021-10-08,140.2378387451172,141.49399178970734,139.90417636832538,141.34679220421845,58773200
2021-10-11,140.14952087402344,142.11226190434272,139.16815035886378,139.61958738462852,64452200
2021-10-12,138.87374877929688,140.5813390210631,138.41250339746108,140.56170741611578,73035900
2021-10-13,138.284912109375,138.7657740406363,136.60676207042818,138.6087661510849,78762700
2021-10-14,141.08180236816406,141.19957699805144,138.87371898295444,139.46254720881987,69907100
2021-10-15,142.14170837402344,142.20058821172304,140.83648373175217,141.0916496611523,67940300
2021-10-18,143.81982421875,144.10441502439815,140.49297941378114,140.7775702194293,85589200
2021-10-19,145.98867797851562,146.39104349887026,143.81985744353068,144.27127951188243,76378900
2021-10-20,146.47933959960938,146.96021648343887,145.36057794956784,145.92977457496073,58418800
2021-10-21,146.69525146484375,146.85227433157712,145.1152444328355,146.03773505673811,61421000
2021-10-22,145.91995239257812,147.3821845567822,145.8708808826435,146.9013226931811,58883400
2021-10-25,145.8708953857422,146.5872915835432,144.86989338673706,145.91014361287867,50720600
2021-10-26,146.5382537841797,148.0299261985199,146.23401634323616,146.54806209858722,60893400
2021-10-27,146.07699584960938,146.9405916533393,145.72370189255298,146.57748938272076,56094900
2021-10-28,149.72769165039062,150.3165049156438,146.9307799732344,147.02892300470535,100077900
2021-10-29,147.00929260253906,147.14668386300448,143.68244746206824,144.47735511008415,124953200
2021-11-01,146.18495178222656,146.9111563462423,145.0465584432789,146.214391698361,74588300
2021-11-02,147.22518920898438,148.7463162991763,145.8807016001512,145.89052488768692,69122000
2021-11-03,148.6678009033203,149.1388544822275,147.0289142026338,147.58828751986294,54511500
2021-11-04,148.14767456054688,149.59027519786,147.83362886091194,148.7561193854356,60394600
2021-11-05,148.67840576171875,149.58258253436696,147.47938515102905,149.27791606706361,65463900
2021-11-08,147.8528594970703,148.9634314889483,147.577675905586,148.80617943770554,55020900
2021-11-09,148.21644592285156,148.82577868756664,147.47934403145373,147.61693578465963,56787900
2021-11-10,145.3761749267578,147.54817551221967,145.30738653523977,147.4400666143663,65187100
2021-11-11,145.3270263671875,146.86019613669237,145.14029146001317,146.39829267733833,41000000
2021-11-12,147.41058349609375,147.81352120891913,144.9437391025949,145.8773986754407,63804000
2021-11-15,147.42039489746094,149.26806864568343,146.86019019858912,147.78402707270035,59222800
2021-11-16,148.40321350097656,148.88479224149762,146.77175735607312,147.36144499767522,59256200
2021-11-17,150.85040283203125,152.33442961865157,148.39339590269816,148.40321853171864,88807000
2021-11-18,155.1550750732422,155.94132032182262,150.4179733193019,151.06662677410932,137827700
2021-11-19,157.7889862060547,158.250904703225,153.83811490964536,154.9388492026231,117305600
2021-11-22,158.25086975097656,162.85037845622662,158.23120950112138,158.89950803243053,117467900
2021-11-23,158.63418579101562,159.01747824025801,156.32459347097884,158.34916461294523,96041900
2021-11-24,159.15509033203125,159.3516478958434,156.89464085723944,157.98555258223482,69463600
2021-11-26,154.11328125,157.69068229853394,153.67102305648032,156.82582616349364,76959800
2021-11-29,157.4842987060547,158.41795820454487,156.05922289657292,156.62925022109002,88748200
2021-11-30,162.45729064941406,162.673508444908,157.1698072809554,157.23861066878493,174048100
2021-12-01,161.93641662597656,167.37131474483905,161.70053856245917,164.59980373493542,152052500
2021-12-02,160.94375610351562,161.3761916676954,155.08626072429414,156.01009761206393,136739200
2021-12-03,159.05677795410156,162.12313243269475,156.97324112607134,161.19929553834072,118023100
2021-12-06,162.47691345214844,164.99288540555892,161.45479047334058,161.46461309946108,107497000
2021-12-07,168.2361602783203,168.62929035916358,165.44500418803963,166.17228359031526,120405400
2021-12-08,172.06910705566406,172.93397827343048,167.7644262171737,169.16984194604416,116998900
2021-12-09,171.55801391601562,173.71035393992497,170.9290208721844,171.9020008134574,108923700
2021-12-10,176.36395263671875,176.54086493199145,171.68581688842568,172.19687852363788,115402700
2021-12-13,172.71774291992188,178.99785124666644,172.5113477652422,178.00521097357498,153237000
2021-12-14,171.3319854736328,174.68334606426572,169.248448682449,172.23616209992724,139380400
2021-12-15,176.21653747558594,176.41309502787303,169.34674079975917,172.0985915209184,131063300
2021-12-16,169.29757690429688,178.02486912244925,167.81355032065514,176.19685561719783,150185800
2021-12-17,168.1968536376953,170.48678573043304,166.77179272061935,167.00765577116044,195432700
2021-12-20,166.8307342529297,167.6464621757935,164.58012299307805,165.38601329267868,107499100
2021-12-21,170.01504516601562,170.22142533588615,166.21158850394502,168.60962950115896,91185900
2021-12-22,172.61947631835938,172.83569412545992,169.18948928424598,170.06418314156005,92135300
2021-12-23,173.24847412109375,173.80867890803833,172.2558487047577,172.82587612087696,68356600
2021-12-27,177.2288360595703,177.31728471510198,174.02490423380337,174.0445494930008,74919600
2021-12-28,176.20669555664062,178.21162153170226,175.45977087759823,177.0617441326432,79144300
2021-12-29,176.29515075683594,177.5236541153346,175.07647002650884,176.2460076232202,62348900
2021-12-30,175.13543701171875,177.46468959324108,175.02732811556052,176.38360063165865,59773000
2021-12-31,174.51629638671875,176.1477376000055,174.21161492875567,175.02734303358918,64062300
2022-01-03,178.87989807128906,179.7349465415521,174.65385883537695,174.77179035001552,104487900
2022-01-04,176.609619140625,179.7939048717263,176.0395918494563,179.48923847391032,99310400
2022-01-05,171.91183471679688,177.0715485386063,171.63665117934394,176.52118146370043,94537600
2022-01-06,169.04209899902344,172.28535157211834,168.6882893547516,169.730058030557,96904000
2022-01-07,169.20913696289062,171.14525945761193,168.08874249862777,169.91675609783337,86709100
2022-01-10,169.2288055419922,169.53347199078678,165.27793434356843,166.17228843262194,106765600
2022-01-11,172.06910705566406,172.16737833271398,167.8823727445654,169.3565768677328,76138300
2022-01-12,172.5113525390625,174.13297095610363,171.8135710369917,173.09120251884048,74805200
2022-01-13,169.2288055419922,173.5826144650006,168.835675449693,172.7570637657418,84505800
2022-01-14,170.0936737060547,170.79145523828697,168.14771352583708,168.39341420548664,80440800
2022-01-18,166.8798828125,169.5727523119223,166.4965904021834,168.5604668437431,90956700
2022-01-19,163.37127685546875,168.13787560571404,163.08627069140266,167.07644696659617,94815000
2022-01-20,161.6808624267578,166.76195044943782,161.3565357449214,164.10838623013277,91420500
2022-01-21,159.61697387695312,163.46955826967317,159.50886499109,161.5924017044035,122848900
2022-01-24,158.84056091308594,159.50887451917274,152.0395683138979,157.26808565686596,162294600
2022-01-25,157.03221130371094,159.9609590965899,154.31968130054574,156.24596615896806,115798400
2022-01-26,156.9437713623047,161.5629412237311,155.10593504422843,160.6882473882618,108275300
2022-01-27,156.48184204101562,161.02238556956317,155.55800513342504,159.65629046052865,121954600
2022-01-28,167.4008026123047,167.4204628672782,160.0002987329338,162.8602584781643,179935700
2022-01-31,171.77423095703125,171.9904487208476,166.59485724513786,167.2336879096415,115541600
2022-02-01,171.60719299316406,171.83323343223077,169.3467436133565,171.0175053301255,86213900
2022-02-02,172.81600952148438,172.8553300243515,170.34918033798783,171.7447582622127,84914300
2022-02-03,169.92657470703125,173.20914700397037,169.1599898283705,171.47940471663034,89418100
2022-02-04,169.64122009277344,171.32396054369477,167.9584796418521,168.9425345214472,82465400
2022-02-07,168.9228515625,171.1763304609041,168.22416604358875,170.1037143263292,77251200
2022-02-08,172.04234313964844,172.55405596090242,168.69654701974247,168.99176653260008,74829200
2022-02-09,173.46920776367188,173.8333032952092,172.11120710909282,173.24287932640442,71285000
2022-02-10,169.37551879882812,172.68194375053233,168.8146153330359,171.36331383328056,90865900
2022-02-11,165.95101928710938,170.32022548644153,165.360580335394,169.58218430454045,98670700
2022-02-14,166.18719482421875,166.8760302449342,163.90418026929203,164.70126232865465,86185500
2022-02-15,170.03480529785156,170.19225765383757,167.53531296237668,168.24383354883068,62527400
2022-02-16,169.79864501953125,170.57604164188683,167.3385082183659,169.10980971830162,61177400
2022-02-17,166.18719482421875,169.1688799431976,165.7837287151261,168.3029068340204,69589300
2022-02-18,164.63235473632812,167.8206823626154,163.54005341590076,167.11217679103845,82772700
2022-02-22,161.6998748779297,164.03207970283808,159.5644629736706,162.3493395656181,91162800
2022-02-23,157.5176544189453,163.50069421366558,157.20274968475783,162.90042020266935,90009200
2022-02-24,160.14508056640625,160.25332719300383,149.57632680623354,150.14708038143124,141147500
2022-02-25,162.22145080566406,162.48713480856267,158.30490162446958,161.22754578023935,91974200
2022-02-28,162.4871368408203,162.78235630766343,159.84002681342048,160.45998619224247,95056600
2022-03-01,160.5977325439453,163.9435277104657,159.38734940316522,162.07381467213503,83474400
2022-03-02,163.9041748046875,164.69142169446647,160.35173616541616,161.7687775639212,79724800
2022-03-03,163.57943725585938,166.21671212228483,162.91028714997404,165.78372557589515,76678400
2022-03-04,160.5682373046875,162.91029278730187,159.5153063627005,161.8671969888056,83737200
2022-03-07,156.7599639892578,162.38875977204634,156.5041000801844,160.75522487368383,96418800
2022-03-08,154.92959594726562,160.28285666328267,153.3157466151268,156.28759642734667,131148300
2022-03-09,160.35171508789062,160.80438687004462,156.86816795403388,158.905153435018,91454900
2022-03-10,155.9923858642578,157.83256370946663,153.49287802702014,157.64559087729302,105342000
2022-03-11,152.2628173828125,156.74027038411012,152.03648894987714,156.3958451472846,96970100
2022-03-14,148.21835327148438,151.6625456315132,147.7066555034308,149.03512069014965,108732100
2022-03-15,152.61705017089844,153.089407270085,147.98216062819657,148.49385829575584,92964300
2022-03-16,157.04531860351562,157.44878471807237,151.99712715402308,154.54582575293017,102300200
2022-03-17,158.0589141845703,158.4328599010943,155.1165992534624,156.08096897895845,75615400
2022-03-18,161.3653106689453,161.85733809568418,157.21259798603037,157.9506391261387,123511700
2022-03-21,162.7429962158203,163.69753062342352,160.410776006235,160.90280343219604,95811400
2022-03-22,166.1281280517578,166.71855188517935,162.28047042303692,162.87089425645846,81532000
2022-03-23,167.49598693847656,169.88723307812018,164.9767938445975,165.31138391398235,98062700
2022-03-24,171.29441833496094,171.363294359729,167.49596638171184,168.33240391380366,90131400
2022-03-25,171.93409729003906,172.48516570835838,169.99550766563758,171.10749466256007,80546200
2022-03-28,172.800048828125,172.92796575635768,169.25744513309817,169.42473266654576,90371900
2022-03-29,176.10646057128906,176.15565130084448,173.52822668291532,173.8726518827145,100589400
2022-03-30,174.93544006347656,176.74609743731983,173.88249413539714,175.7030016679424,92633200
2022-03-31,171.82583618164062,175.19130232369773,171.61917803441048,175.00432947989117,103049300
2022-04-01,171.53060913085938,172.09152763755276,169.19840379678678,171.2550749570232,78751300
2022-04-04,175.59474182128906,175.6439475646401,171.6585226009615,171.78645453057726,76468400
2022-04-05,172.2686004638672,175.45694285839852,171.63880610370467,174.66969615432487,73401800
2022-04-06,169.0901641845703,170.86146610106397,167.4172737694601,169.61171210783138,89058800
2022-04-07,169.39520263671875,170.59575076458447,167.14172361896223,168.4308330803216,77594700
2022-04-08,167.3778839111328,169.0409389910171,166.5020757053073,169.0409389910171,76575500
2022-04-11,163.10708618164062,166.33478478538393,162.8610724769926,166.0198950514866,72246700
2022-04-12,164.98667907714844,167.16143240530084,163.98293868658405,165.34093950820122,79265200
2022-04-13,167.68295288085938,168.31274743098942,164.11084372073287,164.72095296806577,70618900
2022-04-14,162.65438842773438,168.5390461159257,162.40837476230612,167.89940157652273,75329400
2022-04-18,162.4379425048828,163.9435452353402,160.9618602189061,161.30627040967605,69023900
2022-04-19,164.7307586669922,165.14407487442162,161.29641720934256,162.38871857930025,67723800
2022-04-20,164.56346130371094,166.18716054853425,163.4514897165709,166.0690637754216,67929800
2022-04-21,163.76638793945312,168.7949082587247,163.2645254279015,166.2166896462883,87227800
2022-04-22,159.21023559570312,165.1932911869879,158.92486628163977,163.8057851903542,84882400
2022-04-25,160.28286743164062,160.56823674674308,155.9333465615322,158.55092119216803,96046400
2022-04-26,154.29981994628906,159.75147779014623,154.22109374803105,159.66291644791357,95623200
2022-04-27,154.07350158691406,157.24214493496905,152.90247371141064,153.42402167042658,88063200
2022-04-28,161.0307159423828,161.89668891256514,156.39581154213602,156.71071626419635,130216800
2022-04-29,155.13623046875,163.54990186297132,154.74261456190868,159.25942241026976,131747600
2022-05-02,155.44131469726562,155.70699870242646,150.8260949299853,154.21124610323508,123055300
2022-05-03,156.93707275390625,158.14747110367338,153.82747065183054,155.62827792248643,88966500
2022-05-04,163.37277221679688,163.82542898874118,156.7205525613251,157.12401860863298,108256500
2022-05-05,154.27027893066406,161.46371729012728,152.47929194392455,161.23738888499025,130525300
2022-05-06,154.9995574951172,157.1282427342657,151.9444991405495,153.74796732614354,116124600
2022-05-09,149.855224609375,153.5705662251753,149.29349706523496,152.68360662844097,131577900
2022-05-10,152.26966857910156,154.46734540188416,150.71257606908645,153.2650336541199,115366700
2022-05-11,144.37583923339844,153.19606667734942,143.69584140711092,151.2743434971103,142689800
2022-05-12,140.4929656982422,144.08018734631574,136.78748878802156,140.69992744454566,182602000
2022-05-13,144.97702026367188,145.95267144882655,141.03501714594583,142.49355408899086,113990900
2022-05-16,143.42974853515625,145.38105052063565,142.08946713795373,143.43961316503615,86643800
2022-05-17,147.0761260986328,147.5984402531948,144.5532317399834,146.7016310302499,78336300
2022-05-18,138.77821350097656,145.2233813560545,137.87153963890293,144.72078142086878,109742900
2022-05-19,135.35853576660156,139.6060416476657,134.6194101946053,137.85185149313176,136095600
2022-05-20,135.5950469970703,138.65995498562737,130.68725738522548,137.07329814838306,137426100
2022-05-23,141.0349884033203,141.18280747509044,135.6541486277064,135.792118107207,117726300
2022-05-24,138.32484436035156,139.91150069319949,135.33877918697064,138.76831655725638,104132700
2022-05-25,138.48257446289062,139.73414963230113,136.33417493293138,136.42286639453397,92482700
2022-05-26,141.69529724121094,142.24717525757603,135.1515728345783,135.3979480231376,90601500
2022-05-27,147.47030639648438,147.50971980321964,143.15380903801713,143.28192892561134,90978500
2022-05-31,146.68191528320312,148.47553371046925,144.71091395436392,146.9085912630533,103718400
2022-06-01,146.55380249023438,149.53986813880326,145.53872302627965,147.72653558588104,74286600
2022-06-02,149.01756286621094,149.07669050037924,144.73062893844732,145.68656579095972,72348100
2022-06-03,143.27210998535156,145.82455342819665,142.36545106101252,144.770060362495,88570300
2022-06-06,144.02105712890625,146.41583140720172,142.799030970996,144.89815206168706,71598400
2022-06-07,146.55380249023438,146.83959105092737,142.0106440716535,142.25701922442352,67808200
2022-06-08,145.81472778320312,147.69702317697,145.32197730615974,146.42573356272055,53950200
2022-06-09,140.5718231201172,145.80482957531117,140.46341743862806,144.9474487547002,69473000
2022-06-10,135.14170837402344,138.71906549283727,135.07271611079338,138.2460293933542,91437900
2022-06-13,129.9678192138672,133.23967326736573,129.5341965596281,130.94345514835987,122207100
2022-06-14,130.83505249023438,131.9486729653345,129.57361294213226,131.19969793288186,84784300
2022-06-15,133.46633911132812,135.3486488673454,130.24376297463832,132.34286902822936,91533000
2022-06-16,128.17422485351562,130.47044340040713,127.16900988024103,130.16494057459525,108123900
2022-06-17,129.6524658203125,131.15043105016284,127.92783964673345,128.18407944512376,134520300
2022-06-21,133.89999389648438,135.07274229839362,131.38697879244958,131.48551985360913,81000500
2022-06-22,133.3874969482422,135.7625416936952,131.96837384076605,132.83560404391164,73409200
2022-06-23,136.26516723632812,136.58051959738074,133.6634463480769,134.8361944256016,72433800
2022-06-24,139.6060333251953,139.85240850117333,137.7434375963034,137.87154246227976,89116800
2022-06-27,139.6060333251953,141.4095014178601,138.9260354334884,140.63094744074303,70207900
2022-06-28,135.4472198486328,141.34050987783795,135.32896457557,140.06922057977073,67083400
2022-06-29,137.2112579345703,138.63038134531047,134.6883785543866,135.46693252662052,66242400
2022-06-30,134.73765563964844,136.36372576433453,131.8304316095035,135.25996980273172,98964500
2022-07-01,136.91558837890625,137.02399404422195,133.69301230892643,134.06749230384347,71051600
2022-07-05,139.5074462890625,139.5567243208349,134.9445742302402,135.77240606640194,73353800
2022-07-06,140.84774780273438,142.03034554759492,139.03443025811183,139.30051963790794,74064300
2022-07-07,144.22802734375,144.42512446788226,141.20253310502923,141.21238269809453,66253700
2022-07-08,144.90802001953125,145.41063501342293,142.89760515660754,143.15382993164704,64547800
2022-07-11,142.76947021484375,144.51381052529135,141.6952781464939,143.5578737194986,63141600
2022-07-12,143.7451171875,146.29756011597522,142.94686411267188,143.64656111311933,77588800
2022-07-13,143.38050842285156,144.3265807145126,140.0593606954875,140.91675656689353,71185600
2022-07-14,146.31727600097656,146.79031208077845,141.17296164080028,141.9909289473083,78140700
2022-07-15,147.99264526367188,148.67264318460957,146.05120759050547,147.6083005741264,76259900
2022-07-18,144.93759155273438,149.37234459214557,144.5729460772953,148.55437722703743,81420900
2022-07-19,148.8105926513672,149.03725358197892,144.7798987508147,145.77524895701922,82982400
2022-07-20,150.8209991455078,151.49114734609626,148.18971445377295,148.92883987406518,64823400
2022-07-21,153.0975341796875,153.3143455287886,149.73697330616696,152.25985260020167,65086600
2022-07-22,151.85577392578125,154.01402250481192,151.18564077957626,153.13692762960554,66675400
2022-07-25,150.7322998046875,152.79199225894908,150.0720162683352,151.77692793794765,53623900
2022-07-26,149.4019012451172,150.87028755705626,148.61349773507445,150.05232023117222,55138700
2022-07-27,154.5166473388672,155.04882613514658,149.95378934695273,150.36769783431046,78620700
2022-07-28,155.06854248046875,155.3543310693815,152.17116799178928,154.70389699283152,81378700
2022-07-29,160.15371704101562,161.257488076031,157.1873652790473,158.90214195015406,101786900
2022-08-01,159.16819763183594,161.21804069901455,158.5571920674769,158.67544732830873,67829400
2022-08-02,157.68997192382812,160.0551827813026,157.31549185882793,157.77867842117527,59907000
2022-08-03,163.7212371826172,164.17455908657996,158.41923856963987,158.50793002421338,82507500
2022-08-04,163.40586853027344,164.76586430720064,162.04587275334626,163.60296566260632,55474100
2022-08-05,163.1788787841797,163.67231353700947,160.85972942250632,161.0669786444056,56697000
2022-08-08,162.70518493652344,165.60658394853183,162.04398411639912,164.18548932563507,60276900
2022-08-09,162.75453186035156,163.6427235312398,161.10646144310655,161.86635524789833,63135500
2022-08-10,167.01780700683594,167.11648492615134,164.70852083002953,165.47827786948693,70170500
2022-08-11,166.27767944335938,168.74485366768013,165.9816155247536,167.82705702584587,57149200
2022-08-12,169.8402557373047,169.9093287754835,167.17569590306383,167.59019436587388,68039400
2022-08-15,170.91595458984375,171.11332550526615,169.10011807446065,169.26788410549148,54091700
2022-08-16,170.758056640625,171.4291358420734,169.40605002056787,170.5113392247935,56377100
2022-08-17,172.25807189941406,173.83705404292962,170.30407453228813,170.5014454179234,79542000
2022-08-18,171.86331176757812,172.60346386831435,170.846837420575,171.468570003892,62290100
2022-08-19,169.2678680419922,171.45871962967124,169.06061881248345,170.75803562921558,70346300
2022-08-22,165.36973571777344,167.62966033417896,164.94537398602955,167.4618943197239,69026800
2022-08-23,165.03421020507812,166.494788154392,164.46182399117447,164.88618577839446,54147100
2022-08-24,165.33026123046875,165.90264739975865,164.06706935977206,165.12302704926418,53841500
2022-08-25,167.7974090576172,167.9059652979528,166.13947563259975,166.56382226218187,51218200
2022-08-26,161.47158813476562,168.80403659370677,161.41237837214825,168.33034343433388,78961000
2022-08-29,159.26101684570312,160.76104775775735,157.72150271792214,159.0340260013609,73314000
2022-08-30,156.8234405517578,160.4255083111715,155.64906340226676,160.00116164152158,77906200
2022-08-31,155.15565490722656,158.47153769020628,155.0767035244846,158.20507865575672,87991100
2022-09-01,155.8859100341797,156.33986156326952,152.6391010050158,154.5832350896264,74229900
2022-09-02,153.76416015625,158.25442014549628,152.93519325134068,157.6524290472663,76957800
2022-09-06,152.5009765625,155.0273606352828,151.67200961207504,154.4155062278411,73714800
2022-09-07,153.9121856689453,154.61285463504657,151.59303614241935,152.78715495485997,87449600
2022-09-08,152.431884765625,154.30693097885487,150.6752430270464,152.60951406525444,84923800
2022-09-09,155.30364990234375,155.74775322839724,152.71805660596894,153.42860385753409,68028800
2022-09-12,161.28407287597656,162.10317635640433,157.2083121383532,157.49449766359504,104956000
2022-09-13,151.8199920654297,158.43201434659505,151.35616222080873,157.800418503048,122656600
2022-09-14,153.27072143554688,155.037226524522,151.5930460586156,152.75754500619573,87965400
2022-09-15,150.36932373046875,153.2016498653033,149.39233241450626,152.61938532747467,90481100
2022-09-16,148.7212371826172,149.36271142090462,146.4218293394224,149.22455028716234,162278800
2022-09-19,152.4516143798828,152.530565756339,147.142266074514,147.34950026158054,81474200
2022-09-20,154.83982849121094,156.00434240653766,151.06999458899193,151.3857850189289,107689800
2022-09-21,151.70159912109375,156.6556888275703,151.5831795854477,155.27406232514645,101696800
2022-09-22,150.73443603515625,152.44171586333132,148.9284632446179,150.3791624524531,86652500
2022-09-23,148.45477294921875,149.4811256708757,146.60933178685332,149.20480341314504,96029900
2022-09-26,148.79034423828125,151.7509532458143,147.67517669341092,147.69491830315658,93339400
2022-09-27,149.767333984375,152.68847479986027,147.98110231146464,150.734477091982,84442700
2022-09-28,147.87254333496094,148.66204205913598,142.9381951319115,145.70143313730634,146691400
2022-09-29,140.60916137695312,144.7934934551737,138.83279327495222,144.18163918720862,128138200
2022-09-30,136.3853759765625,141.2210460611346,136.18800506786133,139.42493615755308,124925300
2022-10-03,140.57958984375,141.19145931529042,135.8820953561044,136.39527183139853,114311700
2022-10-04,144.18165588378906,144.30007541815792,142.36580435900075,143.12569817421627,87830100
2022-10-05,144.47772216796875,145.4448653435647,141.13223439210503,142.17832895296007,79471000
2022-10-06,143.5204315185547,145.60272687269935,143.31319734564778,143.8954467664891,68402200
2022-10-07,138.25054931640625,141.2210362492612,137.61895341738395,140.66837666148692,85925600
2022-10-10,138.57620239257812,140.02690164719857,136.75050299743356,138.57620239257812,74899000
2022-10-11,137.15512084960938,139.49401183769913,136.40510543994947,138.06303899554518,77033700
2022-10-12,136.52352905273438,138.51700974724292,136.3458997629281,137.30316442493086,70433700
2022-10-13,141.11248779296875,141.7046005106399,132.6056617056489,133.21753108987443,113224000
2022-10-14,136.56300354003906,142.62238154840435,136.37549592938134,142.41513233177395,88598000
2022-10-17,140.54010009765625,141.02365655306738,138.4281998048671,139.21769847828358,85250900
2022-10-18,141.8625030517578,144.77376532008952,138.76373315265158,143.57966155321216,99136600
2022-10-19,141.9710693359375,143.04675364711534,139.64205634508835,139.8295639891064,61758300
2022-10-20,141.50721740722656,143.97439116428012,140.77692855410262,141.14208050988137,64522000
2022-10-21,145.3363037109375,145.90868993912767,140.77695549561207,140.99406803245788,86548600
2022-10-24,147.4876708984375,148.25742804538453,144.08297350872007,145.25735083913412,75981900
2022-10-25,150.33970642089844,150.4877458912043,147.39883932372416,148.11924989222194,74732300
2022-10-26,147.3889617919922,149.99429659795183,146.09615013348827,148.97782224560154,88194300
2022-10-27,142.89874267578125,147.09293910929227,142.23754175092256,146.12581097157454,109180200
2022-10-28,153.6951141357422,155.4319996312182,145.87910681844215,146.2541071174966,164762400
2022-10-31,151.32656860351562,152.21476020669766,149.92521569193562,151.14893931793952,97943200
2022-11-01,148.67190551757812,153.4088828100258,147.17187450407766,153.04374586124993,80379300
2022-11-02,143.12570190429688,150.17195049314788,143.09609701993313,146.9942290649959,93604600
2022-11-03,137.05648803710938,140.92501599835828,136.92819013935951,140.1947268965771,97918500
2022-11-04,136.78953552246094,141.0302218087603,132.835509487029,140.4568862236132,140814800
2022-11-07,137.32334899902344,137.55070131674174,134.1107022229699,135.53415428478314,83374600
2022-11-08,137.8966827392578,139.80449340378325,135.90978972981833,138.79622744381308,89908500
2022-11-09,133.31988525390625,136.95759752003397,133.0431046023265,136.90816917152026,74917800
2022-11-10,145.18194580078125,145.18194580078125,137.89665767367404,139.61666442522355,118854000
2022-11-11,147.9794464111328,148.28588106740983,142.71070401695297,144.1440507641814,93979700
2022-11-14,146.57577514648438,148.55278858529147,145.73553840162515,147.2578471962193,73374100
2022-11-15,148.31552124023438,151.8247226304383,146.85253571913623,150.47047343692662,89868300
2022-11-16,147.0798797607422,148.14746862169088,145.5971199677711,147.4159834438759,64218300
2022-11-17,148.9877471923828,149.73900693584756,144.4702638433015,144.74704454265256,80389400
2022-11-18,149.55116271972656,150.94496070019653,148.246341800127,150.5594437144723,74829600
2022-11-21,146.30885314941406,148.64172927634687,146.0221928785554,148.4341513417214,58724100
2022-11-22,148.4539031982422,148.6911501950918,145.24125698087363,146.42747688170903,51804100
2022-11-23,149.33370971679688,150.08496935516192,147.62358231947215,147.73231865639212,58301400
2022-11-25,146.40773010253906,147.16888449613631,145.42910302505686,146.6054284287757,35195900
2022-11-28,142.5624237060547,144.95460787890806,141.73208177830335,143.47184797217477,69246000
2022-11-29,139.54750061035156,143.1456646936347,138.73693289245665,142.6316369436181,83763800
2022-11-30,146.32864379882812,147.01071582680532,138.9346179969114,139.7748396315525,111380900
2022-12-01,146.60543823242188,147.41602103263662,144.92497972191345,146.50659660440166,71250400
2022-12-02,146.1111602783203,146.29897894842466,143.9759823709456,144.28243209151336,65447400
2022-12-05,144.94473266601562,149.18541949197922,144.09461635687657,146.07162962618466,68826400
2022-12-06,141.26748657226562,145.60703008872727,140.28885957535718,145.3796777864446,64727200
2022-12-07,139.32012939453125,141.72219330934035,138.39093073198447,140.55576270463825,69721100
2022-12-08,141.01048278808594,141.87049392300491,139.47830938217072,140.72382246539036,62128300
2022-12-09,140.526123046875,143.89693468072133,139.28059488984613,140.70404702164143,76097000
2022-12-12,142.82933044433594,142.83921008074833,139.4387448115005,141.0598951045821,70462700
2022-12-13,143.79806518554688,148.24634516014598,142.58220621584587,147.78174582279246,93886200
2022-12-14,141.5640411376953,144.9743859949628,139.5375995292449,143.67944472283807,82291200
2022-12-15,134.93118286132812,140.17027209900087,134.46658344260476,139.48819997009136,98931900
2022-12-16,132.9640350341797,136.06794556798988,132.1930009902241,135.11898755239025,160156900
2022-12-19,130.8486328125,133.64610870665976,129.81071279854106,133.55714671976315,79592600
2022-12-20,130.7794189453125,131.71849714656037,128.39711455138564,129.87987436917055,77432800
2022-12-21,133.8932342529297,135.23760401600552,131.2242690848365,131.45162141055363,85928000
2022-12-22,130.71022033691406,133.0134424692819,128.802409885042,132.80586453500828,77852100
2022-12-23,130.34449768066406,130.8980590346716,128.150011539123,129.4152989435447,63814900
2022-12-27,128.53553771972656,129.89968192747375,127.24059622786994,129.87002793021114,69007800
2022-12-28,124.59136962890625,129.52401532691,124.42332532115114,128.1796457814558,85438400
2022-12-29,128.12034606933594,128.9803420184741,126.26195630324504,126.51896259932623,75703700
2022-12-30,128.43666076660156,128.45643512279935,125.9654017030859,126.93414153068441,77034200
2023-01-03,123.63253021240234,129.39551842727084,122.74287269172645,128.78264911213327,112117500
2023-01-04,124.90769958496094,127.18126787275598,123.64241229292817,125.4316068972832,89113600
2023-01-05,123.58309936523438,126.30149268134268,123.32609306355886,125.66884902202133,80962700
2023-01-06,128.13021850585938,128.79251610668766,123.45458659001618,124.56171667837158,87754700
2023-01-09,128.6541290283203,131.87667022454877,128.39712274020837,128.9704583829939,70790800
2023-01-10,129.2274627685547,129.7513700565325,126.64745995571087,128.76286346285156,63896200
2023-01-11,131.9557647705078,131.9755240444425,128.9605906771462,129.74150433319187,69458900
2023-01-12,131.87667846679688,132.71690008626126,129.92931912019301,132.34127780837738,71379600
2023-01-13,133.21115112304688,133.36931580754018,130.14678954891528,130.51253218381837,57809700
2023-01-17,134.37759399414062,135.7120688975574,132.5883994032112,133.28035102906594,63646600
2023-01-18,133.65599060058594,137.01690717262807,133.47805156045354,135.24748690824802,69672800
2023-01-19,133.71527099609375,134.6840030885313,132.23251132906404,132.53894591357104,58280400
2023-01-20,136.285400390625,136.4336854309728,132.67735732670167,133.72517191147224,80223600
2023-01-23,139.48818969726562,141.67279627654958,136.3150763566329,136.5325490508029,81760300
2023-01-24,140.891845703125,141.51460969317372,138.68748018952127,138.6973598255773,66435100
2023-01-25,140.22955322265625,140.79299416676852,137.21460493959157,139.27070057060922,65799300
2023-01-26,142.30540466308594,142.59206491599028,140.26906857030244,141.52447606882814,54105100
2023-01-27,144.25277709960938,145.53783884062292,141.43554202324185,141.51462437013356,70555800
2023-01-30,141.35646057128906,143.8771557170406,141.20819059706298,143.29394037386407,64015300
2023-01-31,142.63160705566406,142.68103540109175,140.64471427014323,141.05988522159177,65874500
2023-02-01,143.75851440429688,144.92496009089808,139.69576656602072,142.31530314667881,77663600
2023-02-02,149.08657836914062,149.44242627870938,146.46702672863907,147.18863235095503,118339000
2023-02-03,152.7242889404297,155.57119313377925,146.13095089780094,146.32864922602454,154357300
2023-02-06,149.98609924316406,151.34036351523568,149.0470210083263,150.8164562342184,69858300
2023-02-07,152.87255859375,153.4458943027817,148.9086520667493,148.9086520667493,83322600
2023-02-08,150.17391967773438,152.80335083301824,149.43253973358082,152.11139923515765,64120100
2023-02-09,149.13600158691406,152.55624141902396,148.6911765868534,152.0125597152097,56007100
2023-02-10,149.5023193359375,149.82902644753565,147.73019724066455,147.9678065326758,57450700
2023-02-13,152.31396484375,152.71985991539307,149.41321016170093,149.44290943263957,62199000
2023-02-14,151.67042541503906,152.2347417014366,149.35379194828116,150.60120648274088,61707600
2023-02-15,153.77919006347656,153.94749097395436,151.35365383790918,151.58135329250317,65573800
2023-02-16,152.17538452148438,154.76922192300503,151.81897811386384,151.97736921223628,68167900
2023-02-17,151.02691650390625,151.4724206020355,149.3438926296166,150.8289163610091,59144100
2023-02-21,146.99757385253906,149.78942626925934,146.92828058675818,148.7004026088836,58867200
2023-02-22,147.4232635498047,148.45287338487984,145.6907358158214,147.383654456277,51011300
2023-02-23,147.90835571289062,148.83897298969475,145.76993304792467,148.59146903762738,48394200
2023-02-24,145.24525451660156,145.72045796846467,144.26513323484133,145.64125487541327,55469600
2023-02-27,146.44317626953125,147.68069636554856,145.97786750491304,146.23528135301038,44998500
2023-02-28,145.93826293945312,147.59158785522064,145.36405184371336,145.58185657335414,50547000
2023-03-01,143.85922241210938,145.76005131760687,143.56221459109048,145.3640509605452,55479000
2023-03-02,144.45323181152344,145.24524759786468,142.46329007120497,142.93850860687647,52238100
2023-03-03,149.5220947265625,149.60129780845313,145.85903905116976,146.56194185497878,70732300
2023-03-06,152.2941436767578,154.7394840935164,151.92784263752011,152.2545345821982,87558000
2023-03-07,150.08641052246094,152.49214181283335,149.62110185942342,152.16543476603405,56182000
2023-03-08,151.34373474121094,151.93775035888638,150.31412479121082,151.28433620073233,47204800
2023-03-09,149.0865020751953,152.99706215582498,148.73009571987657,152.02685072996366,53833600
2023-03-10,147.01734924316406,149.43299026055394,146.1362357677826,148.71028294188977,68572400
2023-03-13,148.96768188476562,151.61102231566625,146.2253338291279,146.33423617376167,84457100
2023-03-14,151.06654357910156,151.86845415267095,148.60141331315802,149.76962498664284,73695900
2023-03-15,151.4625244140625,151.71992308668965,148.42316862217967,149.6804929323757,77167900
2023-03-16,154.29397583007812,154.89788610113325,150.1260024664939,150.64081493684654,76161100
2023-03-17,153.4524688720703,155.17510202547024,152.7396561952458,154.52168788730708,98944600
2023-03-20,155.82847595214844,156.24429586867478,152.61092470384565,153.5217525047263,73641400
2023-03-21,157.68972778320312,157.80852485445894,154.9770788401289,155.74930512262205,73938300
2023-03-22,156.25421142578125,160.52117754091816,156.2344068779623,157.70953600837723,75701800
2023-03-23,157.3432159423828,159.93706781022715,156.10569609721924,157.24422341863578,67622100
2023-03-24,158.6500701904297,158.73916800835937,156.27403774029648,157.27394850099208,59196500
2023-03-27,156.69972229003906,159.1648674270664,156.29381212775743,158.34315238139064,52390300
2023-03-28,156.0760040283203,156.9076288835252,154.42267925169685,156.3928163743877,45992200
2023-03-29,159.1648712158203,159.44207447801494,157.75905035570605,157.77883979840226,51305700
2023-03-30,160.739013671875,160.84791604650388,159.6598997546549,159.91729850084738,49501700
2023-03-31,163.2536163330078,163.35262396586768,160.29347845168977,160.8181856716707,68749800
2023-04-03,164.51095581054688,164.62975289569243,162.58042764470542,162.62993146566447,56976200
2023-04-04,163.97634887695312,165.17425973324032,163.46153634610226,164.9366655701128,46278300
2023-04-05,162.12498474121094,163.40211360465116,160.18456219964705,163.0952111184354,51511700
2023-04-06,163.01602172851562,163.31302951982073,160.3825758088242,160.80827539475462,45390100
2023-04-10,160.41229248046875,160.41229248046875,158.48176428720794,159.80838211165943,47716900
2023-04-11,159.194580078125,160.73900266239136,158.90746697083827,160.72910794044708,47644200
2023-04-12,158.50155639648438,160.441979159197,158.18474404786926,159.61036940374873,50133100
2023-04-13,163.9070587158203,164.1446680117871,159.80839277568336,160.0163027979601,68445600
2023-04-14,163.560546875,164.65946521821587,162.18442526560762,162.94672669437054,49386500
2023-04-17,163.580322265625,163.73872843453088,162.39230621171848,163.4417206444433,41516200
2023-04-18,164.80795288085938,165.73857027099072,163.99613256812546,164.4416518212544,49923000
2023-04-19,165.9563751220703,166.48108235627174,163.8872303481945,164.14464415802902,47720200
2023-04-20,164.98614501953125,166.19396563576217,163.90703130539762,164.43173852810273,52456400
2023-04-21,163.37245178222656,164.78816747380588,162.84774448751364,163.4021510550257,58337300
2023-04-24,163.67935180664062,163.94666036414364,162.25372630855222,163.3526447044582,41949600
2023-04-25,162.1348876953125,164.6495211168813,162.09527860470658,163.54070828298535,48714100
2023-04-26,162.12498474121094,163.62981301273985,161.1745780165714,161.43197669065242,45498800
2023-04-27,166.72857666015625,166.8770729984066,163.54072434320634,163.54072434320634,64902300
2023-04-28,167.9859161376953,168.1542321598927,166.2038993325892,166.80780972743617,55209200
2023-05-01,167.8968048095703,168.74821914844807,166.95629265889536,167.5899022757501,52472900
2023-05-02,166.85728454589844,168.6492261368123,165.86726857821876,168.3918123170909,48425700
2023-05-03,165.77816772460938,169.21352427793394,165.4910697460863,167.8077034423993,65136000
2023-05-04,164.1347198486328,165.37223965151196,162.6695006318279,163.243711633137,81235400
2023-05-05,171.8370819091797,172.55978934902075,169.0551242996228,169.27292902501793,113316400
2023-05-08,171.7677764892578,172.11428813282294,170.3916548495959,170.7579559365768,55962800
2023-05-09,170.05503845214844,171.80735575023974,169.8867375588741,171.32225761857964,45326900
2023-05-10,171.82716369628906,172.29247239543182,170.18373361448457,171.29256173687202,53724500
2023-05-11,172.01527404785156,172.84688383352895,170.4510470092042,172.11428168700377,49514700
2023-05-12,171.0833740234375,172.5605284867848,169.52689179090092,172.1243165202818,45497800
2023-05-15,170.5876922607422,171.71787100649163,169.99285497252012,171.6682987112497,37266700
2023-05-16,170.5876922607422,171.64846676768477,170.3200139683082,170.5083796138232,42110300
2023-05-17,171.20233154296875,171.4402543357864,168.9518826544196,170.23077817517168,57951600
2023-05-18,173.54202270507812,173.73038835732433,171.09329948055986,171.50967954625827,65496700
2023-05-19,173.6510467529297,174.87044639396197,173.43294078431077,174.87044639396197,55772400
2023-05-22,172.69932556152344,173.20494177332736,171.95578654636702,172.481219573557,43570900
2023-05-23,170.08204650878906,171.88637487652753,169.80445985641978,171.63852857067366,50747300
2023-05-24,170.35963439941406,170.93463964845503,169.05101376120967,169.61609547644804,45143500
2023-05-25,171.49977111816406,172.40192036340346,170.21096703266915,170.92476575302507,56058300
2023-05-26,173.91871643066406,174.2557989304357,171.61871039409903,171.82690796374212,54835000
2023-05-30,175.7726287841797,177.44807247659148,175.04892170114425,175.43556138959772,55964400
2023-05-31,175.72303771972656,177.80495282122013,175.2372534954211,175.80235035598085,99625300
2023-06-01,178.53857421875,178.56831456742498,175.4057930547119,176.16916396782793,68901800
2023-06-02,179.39114379882812,180.21399530664334,177.71570043823277,179.47045642784687,61945900
2023-06-05,178.03297424316406,183.35670847100744,176.50623240767692,181.05670243794387,121946500
2023-06-06,177.66616821289062,178.56831734898336,175.90148844243106,178.41961560329207,64848400
2023-06-07,176.28814697265625,179.64894264257165,175.79245430672572,176.90280103766142,61944600
2023-06-08,179.0144805908203,179.2821437745567,175.9312711910467,176.36746808847172,50214900
2023-06-09,179.40110778808594,180.66015634842165,179.0739487923587,179.93644924551378,48870700
2023-06-12,182.2067108154297,182.30585540353945,179.41101193334958,179.7084305703386,54274900
2023-06-13,181.73085021972656,182.56361030209754,180.86834978636662,181.22524912557424,54929100
2023-06-14,182.3653564453125,182.80156847790326,180.45198972557984,181.79035105029212,57462900
2023-06-15,184.4075927734375,184.91320900884034,182.19680756750913,182.3752648056927,65433200
2023-06-16,183.3269805908203,185.37915556544473,182.68258615200966,185.12138568804832,101235600
2023-06-20,183.41619873046875,184.4968202621219,182.82137659501507,182.82137659501507,49799100
2023-06-21,182.37525939941406,183.8127651610623,181.01705115534045,183.30714894064778,49515700
2023-06-22,185.38906860351562,185.43864089866383,182.08775342754114,182.15715766621673,51245300
2023-06-23,185.0718231201172,185.94424713129428,183.41621128242684,183.9515678810459,53079300
2023-06-26,183.67396545410156,186.43001547826037,183.63430156934749,185.22052415803645,48088700
2023-06-27,186.4398956298828,186.76705455649258,184.07048564080364,184.2885915918768,50730800
2023-06-28,187.6196746826172,188.26406909954764,185.9838949305078,186.31103877905792,51216800
2023-06-29,187.9567413330078,188.43261718372244,187.31234691859044,187.45114025988062,46347300
2023-06-30,192.29901123046875,192.8046122965116,189.61235036422667,189.9791732182635,85069600
2023-07-03,190.80203247070312,192.20979786240994,190.1080506189076,192.11065327577057,31458200
2023-07-05,189.6817169189453,191.31749631682194,188.97782682736823,189.9196547937044,46920300
2023-07-06,190.15760803222656,190.36580559694158,187.57009184775086,188.20457782150964,45094300
2023-07-07,189.03733825683594,191.01020041329645,188.60114143984475,189.76106040417397,46778000
2023-07-10,186.9851837158203,188.3533002828443,185.42870151973196,187.62957811566648,59922200
2023-07-11,186.4597625732422,187.66925393721883,184.99251645839882,187.53046059023825,46638100
2023-07-12,188.1351776123047,190.04854382758512,186.84637379962285,188.04594144564376,60750200
2023-07-13,188.89854431152344,189.54295381895912,188.1450969456968,188.85889555641208,41342300
2023-07-14,189.04727172851562,189.53304086059518,187.99640569502964,188.59122781892412,41573900
2023-07-17,192.31883239746094,192.64599134916114,190.1576046603519,190.2468257033596,50520200
2023-07-18,192.06109619140625,192.65593350366643,190.76238369122416,191.6843800124933,48353800
2023-07-19,193.41929626464844,196.52232225877913,190.99038994943103,191.43652547824442,80507300
2023-07-20,191.4662628173828,194.77748634801802,190.84168518874347,193.40936968617578,59581200
2023-07-21,190.2864990234375,193.29039530573385,189.58260879656223,192.42789492586837,71917800
2023-07-24,191.0895233154297,193.230919269526,190.5938306479448,191.7438412670713,45377800
2023-07-25,191.9520263671875,192.7649696142135,191.25805964859208,191.66453127210508,37283200
2023-07-26,192.82443237304688,193.95461096026835,191.65460503159764,192.0015807949404,47471900
2023-07-27,191.55548095703125,195.50119046422063,190.89125457942112,194.33136299756583,47460200
2023-07-28,194.1429901123047,194.9361013981904,192.46754649179775,192.99297950413737,48291400
2023-07-31,194.75765991210938,194.79732379964574,193.57790885902568,194.3710202090042,38824100
2023-08-01,193.92489624023438,195.03524303340677,193.5977372471017,194.5494738750641,35175100
2023-08-02,190.92098999023438,193.4985827896997,190.1972829299724,193.3597894476311,50389300
2023-08-03,189.5231475830078,190.71280705310875,189.04728682043563,189.91971082460205,61235200
2023-08-04,180.4222412109375,185.76580811380504,180.3528369691908,183.92183059501792,115799700
2023-08-07,177.3092803955078,181.5524085909385,175.82220233279125,180.56102321579414,97576100
2023-08-08,178.25108337402344,178.71703568412062,176.05020675575068,178.14203038384454,67823000
2023-08-09,176.6549530029297,179.3713391045639,175.48511045638642,179.31185840559957,60378500
2023-08-10,176.4368438720703,179.1928938087059,176.07003615011226,177.93383023619305,54686900
2023-08-11,176.4964141845703,177.32037701982404,175.26544597344693,176.02984778529373,51988100
2023-08-14,178.15428161621094,178.38260392804418,176.01991561712387,176.67511718788185,43675600
2023-08-15,176.15887451171875,178.174103062697,175.76179096239193,177.57847773870674,43622600
2023-08-16,175.28529357910156,177.24094603057796,175.2157956243564,175.84121662599503,46964900
2023-08-17,172.7340087890625,176.2184652373002,172.21778796969687,175.8511621348624,66062900
2023-08-18,173.22042846679688,173.82599075554495,170.70883778094841,171.04636032936088,61114200
2023-08-21,174.5605926513672,174.84849110751958,172.47588124297116,173.79620604217206,46311900
2023-08-22,175.9405059814453,176.38722884254358,174.9676405054006,175.77174468493126,42084200
2023-08-23,179.8021697998047,180.22904900558675,177.03247644679308,177.2210964343875,52722800
2023-08-24,175.09669494628906,179.78235426712118,174.72937670082027,179.35547499475715,54945800
2023-08-25,177.31045532226562,177.84651968096887,174.54076169805765,176.08940889849805,51449600
2023-08-28,178.8789520263672,179.27603559399373,177.25088516267095,178.77967356057698,43820700
2023-08-29,182.7803497314453,183.55467328918405,178.19396940518234,178.39251118833664,53003900
2023-08-30,186.28466796875,186.48322490340712,183.39585240180426,183.59439418869403,60813900
2023-08-31,186.50306701660156,187.7439721096439,186.11590523348306,186.47328650618994,60794500
2023-09-01,188.0814971923828,188.538141753245,186.91007498628073,188.11127770079705,45732600
2023-09-05,188.31973266601562,188.59769416370813,186.2449432197517,186.91006645692772,45280000
2023-09-06,181.5791473388672,187.4759302206488,180.1496223799182,187.02919231015284,81755800
2023-09-07,176.26808166503906,176.91336139268128,172.27732670257566,173.90539355501954,112488800
2023-09-08,176.88356018066406,178.92858440411607,176.4963984153427,177.05233659559462,65551300
2023-09-11,178.0550079345703,178.98817107904816,176.04970086757123,178.7598487610702,58953100
2023-09-12,175.0172576904297,178.81939272059032,173.5480302988034,178.18404991763566,90370200
2023-09-13,172.94247436523438,176.00998823848755,172.7141369128852,175.22572770658326,84267900
2023-09-14,174.46133422851562,174.81871550108795,172.3170465930817,172.73398888645488,60895800
2023-09-15,173.73663330078125,175.2157976120051,172.55530438661506,175.1959388893145,109205100
2023-09-18,176.6750946044922,178.0748391046168,174.88818834345716,175.1959303652364,67257600
2023-09-19,177.76710510253906,178.32302815377042,175.84121799808253,176.22837977645918,51826900
2023-09-20,174.21315002441406,178.3925098170354,174.1237933470795,177.95570880879336,58436200
2023-09-21,172.66448974609375,175.01725608596104,172.59500693822505,173.27998896827123,63047900
2023-09-22,173.5182342529297,175.79158086544706,172.7836281326413,173.39911221131908,56725400
2023-09-25,174.79885864257812,175.6823824720043,172.88289328236814,172.93253251615403,46172700
2023-09-26,170.70884704589844,173.92526351342306,170.4110267791137,173.54803864674588,64588900
2023-09-27,169.18995666503906,171.78096710415326,167.8200077433672,171.36402481079512,66921800
2023-09-28,169.4480743408203,170.77832096236608,166.40040416763804,168.1078907839796,56294400
2023-09-29,169.96429443359375,171.81076180692196,169.10061419351356,170.76839850543928,51814200
2023-10-02,172.48580932617188,173.03181060107437,169.6863201427267,169.97421860938772,52164500
2023-10-03,171.1456298828125,172.366691440067,169.57713912474932,171.0066491138284,49594600
2023-10-04,172.39645385742188,172.9424550881848,169.72602386786275,169.84514590084152,53020300
2023-10-05,173.6373748779297,174.17343922355133,171.42358924241523,172.52551359241795,48527900
2023-10-06,176.19859313964844,176.69495515352654,171.91993985589522,172.53543905358532,57224100
2023-10-09,177.68768310546875,177.74724412480685,174.52089096334598,175.52353680032698,42390800
2023-10-10,177.09202575683594,178.41235043494368,176.65522479291874,176.80414247485348,43698000
2023-10-11,178.49179077148438,178.54143000452555,176.30780084757703,176.90342620076967,47551100
2023-10-12,179.3951873779297,181.01331743803624,177.73732472140046,178.759844529376,56743100
2023-10-13,177.54872131347656,180.60629838312414,176.84388049788197,180.10001451689263,51427100
2023-10-16,177.4196319580078,177.77701319881453,175.22570528432323,175.46396449411634,52517000
2023-10-17,175.861083984375,177.12184794550885,173.52819122938874,175.36472188998187,57549400
2023-10-18,174.5605926513672,176.28793794498117,173.83590833900334,174.30248985254676,54764400
2023-10-19,174.1833953857422,176.54606868924478,173.91535560946087,174.75916209365136,59302900
2023-10-20,171.6221466064453,174.14365914589465,171.38388737014972,174.03445888939677,64189300
2023-10-23,171.7412567138672,172.7439025281915,168.69358667928853,169.66646713238327,55980100
2023-10-24,172.1780548095703,172.40637709061713,170.2025285754243,171.79089305137515,43816600
2023-10-25,169.85511779785156,171.8008487599163,169.4083797866938,170.62944146713008,57157000
2023-10-26,165.67572021484375,170.13305676328346,164.4645956319317,169.1303957533013,70625300
2023-10-27,166.9960479736328,167.73066925493364,165.6161620916175,165.69558183671225,58499100
2023-10-30,169.05096435546875,169.92456632823416,167.6412980843576,167.79021577395145,51131000
2023-10-31,169.52749633789062,169.6565401685357,166.67836791176023,168.11782995408234,44846000
2023-11-01,172.70419311523438,172.96229589848681,168.88219970872248,169.75580166398598,56934900
2023-11-02,176.2779998779297,176.48646342563364,174.18335172794758,174.24291274157727,77334800
2023-11-03,175.3647003173828,175.53347673875106,172.08872301559984,172.97224682902157,79763700
2023-11-06,177.92593383789062,178.1244756256995,174.92791800211177,175.09667927913767,63841300
2023-11-07,180.49710083007812,181.1125849169399,177.66783112206795,177.87629469765844,70530000
2023-11-08,181.55931091308594,182.11523398810698,180.26876654734838,181.023246561535,49340300
2023-11-09,181.08279418945312,182.78034380026955,180.48715371155149,181.62879543623518,53763500
2023-11-10,185.28756713867188,185.45656593393633,182.43470002292048,182.87207654959846,66133400
2023-11-13,183.69711303710938,184.91976812620925,183.11063780884533,184.7110299042217,43627500
2023-11-14,186.32135009765625,186.987349680322,185.18815428767326,186.579792942837,60108400
2023-11-15,186.887939453125,188.36905250310778,186.65931635404164,186.72890587030213,53790500
2023-11-16,188.57781982421875,189.82035984023278,187.52413314974999,188.43865594913416,54412900
2023-11-17,188.5579071044922,189.24379151892643,187.44459626814825,189.11456252266416,50922700
2023-11-20,190.3074188232422,190.7646802061248,188.74679650771577,188.75673136709773,46505100
2023-11-21,189.5022430419922,190.37699597796984,188.60762038854105,190.26765186097265,38134500
2023-11-22,190.1682586669922,191.77858564632436,189.69112755602794,190.3471923134316,39617700
2023-11-24,188.83624267578125,189.76068506922263,188.1205384889839,189.73086532541635,24048300
2023-11-27,188.65731811523438,189.53207108953595,187.77263028176083,188.78654712309,40552600
2023-11-28,189.263671875,189.9396214691522,188.26963995303524,188.64737693705334,38415400
2023-11-29,188.23980712890625,190.9435749821963,187.84220045483752,189.76067465041663,43014200
2023-11-30,188.81634521484375,189.18414731016307,187.06685463459638,188.70700110559565,48794400
2023-12-01,190.0986785888672,190.41676093068807,188.1006646303825,189.19410585978827,45679300
2023-12-04,188.29946899414062,188.91577913023963,186.33128993843854,188.84618961175903,43389500
2023-12-05,192.26565551757812,193.23980256929687,189.0449865799245,189.07482149235318,66628400
2023-12-06,191.1722412109375,193.59766654612127,190.9634878174767,193.2895190534562,41089700
2023-12-07,193.11058044433594,193.8362194805571,192.43463086867496,192.4744006383907,47477700
2023-12-08,194.5419921875,194.8203199094653,192.5141585929263,193.04099429291227,53377300
2023-12-11,192.027099609375,192.33526227849603,190.2776087030193,191.95752525473316,60943700
2023-12-12,193.5479736328125,193.5579084922386,190.5758125501861,191.92769665062553,52696900
2023-12-13,196.778564453125,196.8183190559037,193.68712459255818,193.925682544677,70404200
2023-12-14,196.9276580810547,198.42864077264184,194.98929893159502,196.83819885132337,66831600
2023-12-15,196.39089965820312,197.2159328291742,195.82429416614897,196.3511298862745,128256700
2023-12-18,194.7209014892578,195.45649052996882,193.2298536912898,194.9197048287757,55751900
2023-12-19,195.7646484375,195.77458329630363,194.72091188963017,194.98930475456203,40714100
2023-12-20,193.66725158691406,196.50023361616374,193.66725158691406,195.72488988877126,52242800
2023-12-21,193.5181121826172,195.90379770975298,192.34516188676014,194.9296507492267,46482500
2023-12-22,192.44459533691406,194.24379077463595,191.8183503425399,194.01515250091973,37122800
2023-12-26,191.8978729248047,192.73285613100865,191.67918468017166,192.45452839560733,28919300
2023-12-27,191.99725341796875,192.3451706464339,189.94955015213438,191.34120389827206,48087700
2023-12-28,192.42469787597656,193.49825415286705,192.01714115491455,192.98135331561093,34049900
2023-12-29,191.38096618652344,193.23980104114617,190.58573760932344,192.7427850763616,42628800
